Molecule,Ref CCSD_T_TZ,"Red (B3LYP_6-31G_2df,p_)","CMA2 (B3LYP_6-31G_2df,p_)","Ref - Red (B3LYP_6-31G_2df,p_)",CMA2_1_el
Cyclopropane (1.1) mode 1,740.85,740.99,740.99,-0.14,-0.13
Cyclopropane (1.1) mode 2,740.85,741.03,741.04,-0.18,-0.18
Cyclopropane (1.1) mode 3,857.68,857.68,857.68,0.01,0.00
Cyclopropane (1.1) mode 4,891.96,892.05,891.97,-0.09,-0.01
Cyclopropane (1.1) mode 5,891.96,892.10,892.09,-0.14,-0.13
Cyclopropane (1.1) mode 6,1060.52,1060.43,1060.48,0.10,0.04
Cyclopropane (1.1) mode 7,1060.52,1060.51,1060.53,0.01,-0.01
Cyclopropane (1.1) mode 8,1088.57,1088.64,1088.56,-0.07,0.01
Cyclopropane (1.1) mode 9,1160.87,1160.77,1160.86,0.10,0.02
Cyclopropane (1.1) mode 10,1214.39,1214.50,1214.54,-0.11,-0.15
Cyclopropane (1.1) mode 11,1217.35,1217.26,1217.26,0.09,0.09
Cyclopropane (1.1) mode 12,1217.35,1217.33,1217.28,0.02,0.07
Cyclopropane (1.1) mode 13,1478.32,1478.30,1478.30,0.02,0.02
Cyclopropane (1.1) mode 14,1478.32,1478.32,1478.32,-0.00,-0.00
Cyclopropane (1.1) mode 15,1528.61,1528.58,1528.58,0.03,0.03
Cyclopropane (1.1) mode 16,3146.29,3146.27,3146.28,0.02,0.01
Cyclopropane (1.1) mode 17,3146.29,3146.28,3146.29,0.01,0.00
Cyclopropane (1.1) mode 18,3156.95,3156.93,3156.91,0.02,0.03
Cyclopropane (1.1) mode 19,3228.73,3228.69,3228.70,0.04,0.03
Cyclopropane (1.1) mode 20,3228.73,3228.73,3228.73,-0.00,-0.01
Cyclopropane (1.1) mode 21,3248.62,3248.66,3248.64,-0.03,-0.02
CH4 (1.2) mode 1,1343.99,1343.99,1343.99,-0.00,-0.00
CH4 (1.2) mode 2,1343.99,1343.99,1343.99,-0.00,-0.00
CH4 (1.2) mode 3,1343.99,1343.99,1343.99,-0.00,-0.00
CH4 (1.2) mode 4,1570.80,1570.80,1570.80,0.00,0.00
CH4 (1.2) mode 5,1570.80,1570.80,1570.80,-0.00,0.00
CH4 (1.2) mode 6,3034.66,3034.64,3034.64,0.02,0.02
CH4 (1.2) mode 7,3153.78,3153.78,3153.78,0.00,0.00
CH4 (1.2) mode 8,3153.78,3153.78,3153.78,0.00,0.00
CH4 (1.2) mode 9,3153.78,3153.80,3153.80,-0.02,-0.02
NH3 (1.3) mode 1,1109.21,1109.22,1109.22,-0.01,-0.01
NH3 (1.3) mode 2,1687.93,1687.94,1687.94,-0.01,-0.01
NH3 (1.3) mode 3,1687.93,1687.96,1687.96,-0.03,-0.03
NH3 (1.3) mode 4,3471.91,3471.91,3471.91,0.00,0.00
NH3 (1.3) mode 5,3597.54,3597.52,3597.52,0.02,0.02
NH3 (1.3) mode 6,3597.54,3597.53,3597.53,0.00,0.00
SiH4 (1.6) mode 1,933.79,933.80,933.79,-0.01,-0.01
SiH4 (1.6) mode 2,933.79,933.80,933.80,-0.01,-0.01
SiH4 (1.6) mode 3,933.81,933.81,933.81,-0.00,-0.01
SiH4 (1.6) mode 4,985.48,985.47,985.47,0.01,0.01
SiH4 (1.6) mode 5,985.49,985.48,985.48,0.01,0.01
SiH4 (1.6) mode 6,2250.62,2250.05,2250.14,0.57,0.48
SiH4 (1.6) mode 7,2255.35,2255.35,2255.36,-0.00,-0.00
SiH4 (1.6) mode 8,2255.36,2255.36,2255.36,0.00,-0.00
SiH4 (1.6) mode 9,2255.36,2255.93,2255.83,-0.57,-0.47
Benzene (1.7) mode 1,401.34,401.57,401.54,-0.23,-0.20
Benzene (1.7) mode 2,401.34,401.89,401.93,-0.55,-0.59
Benzene (1.7) mode 3,607.13,607.15,607.15,-0.02,-0.01
Benzene (1.7) mode 4,607.13,607.20,607.20,-0.06,-0.07
Benzene (1.7) mode 5,674.67,678.51,678.26,-3.84,-3.59
Benzene (1.7) mode 6,685.29,685.25,685.25,0.04,0.04
Benzene (1.7) mode 7,856.44,856.52,856.55,-0.08,-0.11
Benzene (1.7) mode 8,856.44,856.76,856.92,-0.32,-0.48
Benzene (1.7) mode 9,959.08,958.77,958.78,0.31,0.29
Benzene (1.7) mode 10,959.08,958.94,959.12,0.14,-0.04
Benzene (1.7) mode 11,966.66,963.75,963.68,2.91,2.98
Benzene (1.7) mode 12,1004.54,1004.78,1004.56,-0.24,-0.03
Benzene (1.7) mode 13,1010.33,1010.36,1010.41,-0.03,-0.08
Benzene (1.7) mode 14,1054.36,1054.42,1054.42,-0.06,-0.06
Benzene (1.7) mode 15,1054.36,1054.46,1054.46,-0.10,-0.10
Benzene (1.7) mode 16,1158.88,1159.62,1159.62,-0.74,-0.74
Benzene (1.7) mode 17,1190.57,1190.57,1190.57,-0.00,0.00
Benzene (1.7) mode 18,1190.57,1190.59,1190.59,-0.02,-0.02
Benzene (1.7) mode 19,1328.17,1327.54,1327.55,0.64,0.63
Benzene (1.7) mode 20,1370.18,1370.08,1370.06,0.10,0.12
Benzene (1.7) mode 21,1506.94,1506.90,1506.89,0.05,0.05
Benzene (1.7) mode 22,1506.94,1506.97,1506.98,-0.03,-0.03
Benzene (1.7) mode 23,1637.23,1637.26,1637.25,-0.02,-0.02
Benzene (1.7) mode 24,1637.23,1637.27,1637.28,-0.04,-0.05
Benzene (1.7) mode 25,3169.39,3169.27,3169.39,0.12,0.00
Benzene (1.7) mode 26,3180.74,3180.74,3180.67,-0.01,0.06
Benzene (1.7) mode 27,3180.74,3180.84,3180.72,-0.10,0.01
Benzene (1.7) mode 28,3198.33,3198.25,3198.30,0.09,0.03
Benzene (1.7) mode 29,3198.33,3198.31,3198.33,0.02,0.00
Benzene (1.7) mode 30,3209.15,3209.18,3209.18,-0.03,-0.03
CH2CCH2 (1.8) mode 1,575.68,1457.24,713.29,-881.56,-137.61
CH2CCH2 (1.8) mode 2,791.69,1483.29,896.00,-691.60,-104.31
CH2CCH2 (1.8) mode 3,824.74,1513.18,1291.27,-688.44,-466.53
CH2CCH2 (1.8) mode 4,927.46,1540.47,1374.24,-613.02,-446.78
CH2CCH2 (1.8) mode 5,1020.59,1600.00,1399.11,-579.41,-378.52
CH2CCH2 (1.8) mode 6,1042.08,1630.38,1572.16,-588.29,-530.08
CH2CCH2 (1.8) mode 7,1074.23,1655.67,1636.44,-581.44,-562.21
CH2CCH2 (1.8) mode 8,1108.96,1701.44,1767.12,-592.48,-658.15
CH2CCH2 (1.8) mode 9,1158.16,1970.92,1814.47,-812.76,-656.31
CH2CCH2 (1.8) mode 10,1524.77,2078.26,1930.02,-553.49,-405.25
CH2CCH2 (1.8) mode 11,1682.96,2084.00,2182.87,-401.05,-499.91
CH2CCH2 (1.8) mode 12,3071.86,2137.20,2285.24,934.66,786.62
CH2CCH2 (1.8) mode 13,3143.03,2145.82,2458.47,997.20,684.55
CH2CCH2 (1.8) mode 14,3264.57,2318.17,2847.19,946.40,417.38
CH2CCH2 (1.8) mode 15,3310.75,2740.12,2861.72,570.62,449.03
Spiropentane (1.10) mode 1,293.06,598.49,565.76,-305.43,-272.70
Spiropentane (1.10) mode 2,297.15,722.80,598.57,-425.65,-301.42
Spiropentane (1.10) mode 3,297.15,931.15,898.54,-634.00,-601.39
Spiropentane (1.10) mode 4,598.43,961.56,901.38,-363.13,-302.95
Spiropentane (1.10) mode 5,786.27,965.04,961.14,-178.78,-174.88
Spiropentane (1.10) mode 6,786.27,1019.81,1019.88,-233.54,-233.61
Spiropentane (1.10) mode 7,840.13,1054.93,1054.85,-214.81,-214.72
Spiropentane (1.10) mode 8,897.42,1058.53,1058.49,-161.10,-161.07
Spiropentane (1.10) mode 9,897.42,1075.65,1075.68,-178.23,-178.25
Spiropentane (1.10) mode 10,900.83,1090.54,1127.72,-189.71,-226.89
Spiropentane (1.10) mode 11,1019.25,1127.21,1173.28,-107.97,-154.03
Spiropentane (1.10) mode 12,1027.32,1183.42,1238.06,-156.10,-210.74
Spiropentane (1.10) mode 13,1054.41,1306.65,1309.03,-252.25,-254.62
Spiropentane (1.10) mode 14,1076.02,1439.70,1432.72,-363.68,-356.70
Spiropentane (1.10) mode 15,1077.33,1501.41,1439.79,-424.07,-362.45
Spiropentane (1.10) mode 16,1077.33,1533.56,1445.80,-456.22,-368.47
Spiropentane (1.10) mode 17,1173.46,1544.48,1501.41,-371.01,-327.94
Spiropentane (1.10) mode 18,1183.50,1565.19,1547.46,-381.68,-363.96
Spiropentane (1.10) mode 19,1189.88,1570.03,1587.23,-380.14,-397.35
Spiropentane (1.10) mode 20,1189.88,1577.48,1596.16,-387.59,-406.28
Spiropentane (1.10) mode 21,1439.26,1596.26,1658.38,-157.01,-219.13
Spiropentane (1.10) mode 22,1468.81,1730.40,1838.99,-261.59,-370.18
Spiropentane (1.10) mode 23,1468.81,1930.12,1930.12,-461.31,-461.31
Spiropentane (1.10) mode 24,1501.43,1948.70,1948.70,-447.27,-447.27
Spiropentane (1.10) mode 25,1596.21,2000.89,2000.95,-404.68,-404.74
Spiropentane (1.10) mode 26,3130.04,2210.17,2210.16,919.87,919.88
Spiropentane (1.10) mode 27,3130.04,2324.40,2324.40,805.65,805.65
Spiropentane (1.10) mode 28,3134.85,2427.08,2422.60,707.77,712.25
Spiropentane (1.10) mode 29,3135.93,2854.66,2854.66,281.27,281.27
Spiropentane (1.10) mode 30,3212.32,2912.38,2916.12,299.94,296.20
Spiropentane (1.10) mode 31,3213.22,3093.06,3093.03,120.17,120.20
Spiropentane (1.10) mode 32,3225.32,3134.84,3134.83,90.49,90.50
Spiropentane (1.10) mode 33,3225.32,3135.57,3135.60,89.75,89.73
AlCl3 (1.11) mode 1,147.27,147.28,147.27,-0.01,-0.00
AlCl3 (1.11) mode 2,147.29,147.54,147.54,-0.25,-0.25
AlCl3 (1.11) mode 3,207.49,207.49,207.49,-0.00,-0.00
AlCl3 (1.11) mode 4,388.75,388.75,388.75,-0.00,0.00
AlCl3 (1.11) mode 5,628.44,628.38,628.38,0.06,0.06
AlCl3 (1.11) mode 6,628.44,628.44,628.44,0.00,0.00
AlF3 (1.12) mode 1,244.84,244.89,244.86,-0.05,-0.02
AlF3 (1.12) mode 2,244.99,245.01,245.04,-0.02,-0.05
AlF3 (1.12) mode 3,301.32,301.32,301.32,-0.00,-0.00
AlF3 (1.12) mode 4,695.29,695.29,695.29,0.00,0.00
AlF3 (1.12) mode 5,962.28,962.26,962.26,0.01,0.01
AlF3 (1.12) mode 6,962.29,962.28,962.28,0.00,0.00
BCl3 (1.13) mode 1,257.16,257.17,257.17,-0.01,-0.01
BCl3 (1.13) mode 2,257.22,257.23,257.23,-0.00,-0.00
BCl3 (1.13) mode 3,462.52,462.52,462.52,0.00,-0.00
BCl3 (1.13) mode 4,476.79,476.79,476.79,-0.00,0.00
BCl3 (1.13) mode 5,972.61,972.61,972.61,0.00,0.00
BCl3 (1.13) mode 6,972.62,972.62,972.62,0.00,0.00
BF3 (1.14) mode 1,483.70,483.88,483.88,-0.18,-0.17
BF3 (1.14) mode 2,483.70,483.88,483.89,-0.18,-0.18
BF3 (1.14) mode 3,700.10,700.10,700.10,0.00,-0.00
BF3 (1.14) mode 4,899.30,899.30,899.30,-0.00,-0.00
BF3 (1.14) mode 5,1493.14,1493.08,1493.08,0.06,0.06
BF3 (1.14) mode 6,1493.14,1493.08,1493.08,0.06,0.06
CCl4 (1.15) mode 1,218.41,218.47,218.44,-0.06,-0.03
CCl4 (1.15) mode 2,218.44,218.49,218.52,-0.05,-0.08
CCl4 (1.15) mode 3,316.69,316.93,316.83,-0.24,-0.14
CCl4 (1.15) mode 4,316.70,317.17,316.99,-0.46,-0.28
CCl4 (1.15) mode 5,316.79,317.32,317.60,-0.53,-0.81
CCl4 (1.15) mode 6,463.23,463.23,463.23,-0.00,-0.00
CCl4 (1.15) mode 7,802.54,802.16,802.17,0.38,0.37
CCl4 (1.15) mode 8,802.56,802.46,802.48,0.10,0.08
CCl4 (1.15) mode 9,802.56,802.55,802.51,0.01,0.05
CF4 (1.16) mode 1,440.04,440.04,440.04,-0.00,-0.00
CF4 (1.16) mode 2,440.04,440.06,440.06,-0.02,-0.02
CF4 (1.16) mode 3,638.99,638.98,638.98,0.01,0.01
CF4 (1.16) mode 4,638.99,638.99,638.99,-0.00,-0.00
CF4 (1.16) mode 5,638.99,639.00,639.00,-0.00,-0.00
CF4 (1.16) mode 6,923.21,923.21,923.21,-0.00,-0.00
CF4 (1.16) mode 7,1323.00,1323.00,1323.00,0.00,0.00
CF4 (1.16) mode 8,1323.00,1323.00,1323.00,0.00,0.00
CF4 (1.16) mode 9,1323.00,1323.00,1323.00,0.00,-0.00
CH2Cl2 (1.17) mode 1,284.60,284.62,284.62,-0.02,-0.02
CH2Cl2 (1.17) mode 2,723.57,723.58,723.58,-0.02,-0.02
CH2Cl2 (1.17) mode 3,776.83,777.00,777.00,-0.17,-0.17
CH2Cl2 (1.17) mode 4,906.97,907.01,907.01,-0.05,-0.05
CH2Cl2 (1.17) mode 5,1180.95,1180.95,1180.95,0.00,-0.00
CH2Cl2 (1.17) mode 6,1293.06,1292.96,1292.96,0.10,0.10
CH2Cl2 (1.17) mode 7,1474.48,1474.50,1474.47,-0.02,0.01
CH2Cl2 (1.17) mode 8,3127.54,3127.53,3127.54,0.02,0.00
CH2Cl2 (1.17) mode 9,3202.53,3202.52,3202.52,0.01,0.01
CH2F2 (1.18) mode 1,536.99,579.64,579.64,-42.65,-42.65
CH2F2 (1.18) mode 2,1141.59,1142.19,1142.19,-0.60,-0.60
CH2F2 (1.18) mode 3,1142.17,1177.63,1177.67,-35.46,-35.50
CH2F2 (1.18) mode 4,1202.57,1202.61,1202.57,-0.05,-0.00
CH2F2 (1.18) mode 5,1292.33,1292.33,1292.33,-0.00,-0.00
CH2F2 (1.18) mode 6,1482.31,1482.29,1482.29,0.02,0.02
CH2F2 (1.18) mode 7,1556.46,1550.21,1521.18,6.25,35.29
CH2F2 (1.18) mode 8,3075.76,3057.52,3072.06,18.24,3.69
CH2F2 (1.18) mode 9,3148.01,3148.01,3148.01,0.00,0.00
CH2O2 (1.19) mode 1,629.41,629.44,629.44,-0.04,-0.04
CH2O2 (1.19) mode 2,675.64,675.64,675.64,-0.00,0.00
CH2O2 (1.19) mode 3,1061.21,1061.20,1061.21,0.00,-0.00
CH2O2 (1.19) mode 4,1137.12,1137.27,1137.27,-0.15,-0.14
CH2O2 (1.19) mode 5,1326.19,1326.26,1326.22,-0.06,-0.03
CH2O2 (1.19) mode 6,1415.80,1415.88,1415.83,-0.08,-0.03
CH2O2 (1.19) mode 7,1824.55,1824.42,1824.48,0.13,0.07
CH2O2 (1.19) mode 8,3089.21,3089.18,3089.18,0.03,0.03
CH2O2 (1.19) mode 9,3764.00,3763.99,3763.99,0.01,0.01
CH2O (1.20) mode 1,1192.19,1192.19,1192.19,-0.00,-0.00
CH2O (1.20) mode 2,1274.88,1274.89,1274.89,-0.01,-0.01
CH2O (1.20) mode 3,1543.21,1543.59,1543.28,-0.38,-0.07
CH2O (1.20) mode 4,1780.76,1780.50,1780.76,0.26,0.00
CH2O (1.20) mode 5,2929.23,2929.18,2929.19,0.04,0.04
CH2O (1.20) mode 6,2995.85,2995.84,2995.84,0.01,0.01
CH2 (1.21) mode 1,1406.59,1406.59,1406.59,-0.00,-0.00
CH2 (1.21) mode 2,2912.05,2912.05,2912.05,0.00,-0.00
CH2 (1.21) mode 3,2983.12,2983.13,2983.12,-0.00,-0.00
CH3Cl (1.22) mode 1,746.24,746.33,746.33,-0.09,-0.09
CH3Cl (1.22) mode 2,1031.74,1031.80,1031.80,-0.06,-0.06
CH3Cl (1.22) mode 3,1031.75,1031.81,1031.81,-0.06,-0.06
CH3Cl (1.22) mode 4,1385.57,1385.56,1385.56,0.01,0.01
CH3Cl (1.22) mode 5,1493.13,1493.11,1493.11,0.02,0.02
CH3Cl (1.22) mode 6,1493.13,1493.11,1493.11,0.02,0.02
CH3Cl (1.22) mode 7,3078.66,3078.64,3078.64,0.02,0.02
CH3Cl (1.22) mode 8,3179.26,3179.25,3179.25,0.01,0.01
CH3Cl (1.22) mode 9,3179.27,3179.26,3179.26,0.01,0.01
CH3SH (1.23) mode 1,237.57,237.60,237.60,-0.02,-0.02
CH3SH (1.23) mode 2,720.90,721.07,721.05,-0.17,-0.16
CH3SH (1.23) mode 3,799.89,799.92,799.93,-0.03,-0.04
CH3SH (1.23) mode 4,976.28,976.35,976.35,-0.07,-0.07
CH3SH (1.23) mode 5,1099.81,1099.89,1099.88,-0.07,-0.07
CH3SH (1.23) mode 6,1362.14,1362.14,1362.14,0.01,0.00
CH3SH (1.23) mode 7,1482.93,1482.92,1482.92,0.02,0.02
CH3SH (1.23) mode 8,1497.03,1496.98,1496.98,0.05,0.05
CH3SH (1.23) mode 9,2712.64,2712.62,2712.63,0.01,0.01
CH3SH (1.23) mode 10,3059.91,3059.90,3059.89,0.02,0.02
CH3SH (1.23) mode 11,3150.01,3149.99,3150.00,0.02,0.01
CH3SH (1.23) mode 12,3151.27,3151.25,3151.25,0.01,0.01
CHCl3 (1.24) mode 1,261.66,261.71,261.70,-0.05,-0.03
CHCl3 (1.24) mode 2,261.72,261.80,261.81,-0.08,-0.09
CHCl3 (1.24) mode 3,368.48,368.51,368.49,-0.02,-0.01
CHCl3 (1.24) mode 4,678.57,678.57,678.57,0.00,-0.00
CHCl3 (1.24) mode 5,789.88,789.96,789.82,-0.08,0.06
CHCl3 (1.24) mode 6,789.90,791.16,791.22,-1.27,-1.32
CHCl3 (1.24) mode 7,1244.75,1244.09,1243.94,0.66,0.81
CHCl3 (1.24) mode 8,1244.75,1244.53,1244.73,0.22,0.02
CHCl3 (1.24) mode 9,3181.88,3181.88,3181.88,0.00,0.00
CHF3 (1.25) mode 1,514.80,514.83,514.83,-0.03,-0.02
CHF3 (1.25) mode 2,514.80,514.84,514.84,-0.03,-0.04
CHF3 (1.25) mode 3,710.23,710.28,710.23,-0.05,-0.00
CHF3 (1.25) mode 4,1161.90,1161.97,1162.00,-0.07,-0.10
CHF3 (1.25) mode 5,1203.17,1203.23,1203.18,-0.06,-0.01
CHF3 (1.25) mode 6,1203.17,1203.24,1203.25,-0.08,-0.08
CHF3 (1.25) mode 7,1424.32,1424.23,1424.23,0.09,0.09
CHF3 (1.25) mode 8,1424.32,1424.27,1424.31,0.06,0.01
CHF3 (1.25) mode 9,3160.87,3160.83,3160.83,0.04,0.04
H3CONO (1.26) mode 1,79.74,218.89,218.89,-139.15,-139.15
H3CONO (1.26) mode 2,220.92,351.09,351.09,-130.17,-130.16
H3CONO (1.26) mode 3,380.32,411.44,411.44,-31.12,-31.12
H3CONO (1.26) mode 4,595.01,860.46,584.92,-265.45,10.10
H3CONO (1.26) mode 5,847.80,925.28,916.77,-77.48,-68.97
H3CONO (1.26) mode 6,1086.78,956.30,1152.59,130.48,-65.81
H3CONO (1.26) mode 7,1176.79,1209.46,1209.46,-32.68,-32.68
H3CONO (1.26) mode 8,1209.14,1514.30,1514.30,-305.17,-305.16
H3CONO (1.26) mode 9,1462.98,1627.22,1627.22,-164.24,-164.24
H3CONO (1.26) mode 10,1494.35,1711.53,1708.85,-217.19,-214.50
H3CONO (1.26) mode 11,1518.63,2008.56,2008.56,-489.93,-489.93
H3CONO (1.26) mode 12,1710.30,2352.87,2350.72,-642.57,-640.42
H3CONO (1.26) mode 13,3048.98,2374.78,2376.10,674.20,672.87
H3CONO (1.26) mode 14,3137.26,2581.12,2581.12,556.14,556.14
H3CONO (1.26) mode 15,3138.47,3136.44,3138.52,2.03,-0.05
H3CNO2 (1.27) mode 1,23.39,163.93,158.88,-140.53,-135.49
H3CNO2 (1.27) mode 2,476.95,613.67,615.00,-136.72,-138.05
H3CNO2 (1.27) mode 3,608.74,897.96,894.31,-289.23,-285.57
H3CNO2 (1.27) mode 4,670.00,924.59,920.56,-254.59,-250.56
H3CNO2 (1.27) mode 5,935.44,1378.21,1168.22,-442.77,-232.78
H3CNO2 (1.27) mode 6,1110.76,1479.08,1380.59,-368.32,-269.82
H3CNO2 (1.27) mode 7,1142.47,1483.28,1483.28,-340.81,-340.81
H3CNO2 (1.27) mode 8,1409.56,1734.47,1504.89,-324.91,-95.33
H3CNO2 (1.27) mode 9,1425.54,1777.61,1803.60,-352.07,-378.06
H3CNO2 (1.27) mode 10,1475.67,1803.60,2073.33,-327.93,-597.66
H3CNO2 (1.27) mode 11,1487.85,2073.33,2175.77,-585.47,-687.92
H3CNO2 (1.27) mode 12,1642.57,2253.91,2253.91,-611.33,-611.33
H3CNO2 (1.27) mode 13,3088.79,2412.60,2381.50,676.19,707.29
H3CNO2 (1.27) mode 14,3186.72,2472.02,2501.99,714.70,684.72
H3CNO2 (1.27) mode 15,3215.04,2553.17,2553.17,661.86,661.86
H3CNH2 (1.28) mode 1,306.35,306.52,306.52,-0.17,-0.17
H3CNH2 (1.28) mode 2,878.35,879.32,879.32,-0.97,-0.97
H3CNH2 (1.28) mode 3,976.31,976.33,976.33,-0.02,-0.02
H3CNH2 (1.28) mode 4,1065.57,1065.15,1065.15,0.42,0.42
H3CNH2 (1.28) mode 5,1188.02,1188.08,1188.08,-0.06,-0.06
H3CNH2 (1.28) mode 6,1359.39,1359.46,1359.46,-0.06,-0.06
H3CNH2 (1.28) mode 7,1458.06,1458.26,1458.00,-0.19,0.06
H3CNH2 (1.28) mode 8,1508.16,1507.84,1508.09,0.33,0.08
H3CNH2 (1.28) mode 9,1527.65,1527.60,1527.59,0.05,0.06
H3CNH2 (1.28) mode 10,1667.46,1667.43,1667.43,0.03,0.03
H3CNH2 (1.28) mode 11,2996.98,2997.11,2996.93,-0.14,0.05
H3CNH2 (1.28) mode 12,3079.94,3079.76,3079.93,0.18,0.01
H3CNH2 (1.28) mode 13,3115.37,3115.35,3115.35,0.01,0.01
H3CNH2 (1.28) mode 14,3498.27,3498.26,3498.26,0.02,0.02
H3CNH2 (1.28) mode 15,3579.13,3579.12,3579.12,0.01,0.01
H2CCH2 (1.29) mode 1,823.04,941.84,941.84,-118.80,-118.79
H2CCH2 (1.29) mode 2,941.84,966.67,966.67,-24.83,-24.83
H2CCH2 (1.29) mode 3,966.67,979.66,979.66,-13.00,-13.00
H2CCH2 (1.29) mode 4,1046.96,1046.96,1046.96,0.00,0.00
H2CCH2 (1.29) mode 5,1242.16,1242.17,1242.17,-0.01,-0.01
H2CCH2 (1.29) mode 6,1368.98,1479.06,1479.06,-110.08,-110.08
H2CCH2 (1.29) mode 7,1479.06,1792.03,1625.80,-312.97,-146.74
H2CCH2 (1.29) mode 8,1671.73,2296.77,1792.03,-625.04,-120.29
H2CCH2 (1.29) mode 9,3139.11,2479.82,2963.35,659.29,175.76
H2CCH2 (1.29) mode 10,3157.09,3139.11,3139.11,17.98,17.98
H2CCH2 (1.29) mode 11,3219.26,3202.35,3202.35,16.90,16.90
H2CCH2 (1.29) mode 12,3246.14,3219.25,3219.25,26.88,26.88
F2C=CF2 (1.30) mode 1,201.37,201.37,201.37,0.00,0.00
F2C=CF2 (1.30) mode 2,210.88,265.52,265.52,-54.64,-54.64
F2C=CF2 (1.30) mode 3,401.04,418.44,418.44,-17.40,-17.40
F2C=CF2 (1.30) mode 4,418.44,511.80,511.82,-93.36,-93.38
F2C=CF2 (1.30) mode 5,511.82,556.54,556.51,-44.72,-44.69
F2C=CF2 (1.30) mode 6,556.41,594.96,594.96,-38.55,-38.55
F2C=CF2 (1.30) mode 7,559.79,706.90,706.89,-147.10,-147.10
F2C=CF2 (1.30) mode 8,797.32,744.12,744.12,53.20,53.20
F2C=CF2 (1.30) mode 9,1208.55,1128.83,1128.83,79.72,79.72
F2C=CF2 (1.30) mode 10,1376.54,1367.05,1367.05,9.49,9.49
F2C=CF2 (1.30) mode 11,1385.81,1385.77,1385.77,0.04,0.04
F2C=CF2 (1.30) mode 12,1921.15,1892.01,1892.01,29.14,29.14
Cl2C=CCl2 (1.31) mode 1,99.15,99.15,99.15,-0.00,-0.00
Cl2C=CCl2 (1.31) mode 2,176.42,176.43,176.43,-0.01,-0.01
Cl2C=CCl2 (1.31) mode 3,236.38,236.38,236.38,-0.00,-0.00
Cl2C=CCl2 (1.31) mode 4,288.16,288.16,288.16,-0.00,-0.00
Cl2C=CCl2 (1.31) mode 5,312.17,312.19,312.19,-0.01,-0.01
Cl2C=CCl2 (1.31) mode 6,348.10,369.30,369.30,-21.21,-21.21
Cl2C=CCl2 (1.31) mode 7,452.08,452.15,452.15,-0.07,-0.07
Cl2C=CCl2 (1.31) mode 8,517.55,517.55,517.55,-0.00,-0.00
Cl2C=CCl2 (1.31) mode 9,785.28,785.27,785.27,0.00,0.00
Cl2C=CCl2 (1.31) mode 10,928.96,928.96,928.96,0.00,0.00
Cl2C=CCl2 (1.31) mode 11,1009.16,1001.59,1001.59,7.57,7.57
Cl2C=CCl2 (1.31) mode 12,1614.67,1614.65,1614.65,0.02,0.02
HCOHCO (1.33) mode 1,136.26,162.80,162.80,-26.53,-26.53
HCOHCO (1.33) mode 2,330.98,443.61,443.61,-112.63,-112.63
HCOHCO (1.33) mode 3,560.06,804.54,804.54,-244.48,-244.48
HCOHCO (1.33) mode 4,823.86,819.04,819.04,4.83,4.83
HCOHCO (1.33) mode 5,1068.80,1068.80,1068.80,0.00,0.00
HCOHCO (1.33) mode 6,1095.40,1233.73,1233.73,-138.34,-138.34
HCOHCO (1.33) mode 7,1342.00,1517.92,1459.20,-175.91,-117.20
HCOHCO (1.33) mode 8,1384.84,1542.27,1517.92,-157.43,-133.07
HCOHCO (1.33) mode 9,1757.89,1636.75,1542.27,121.14,215.62
HCOHCO (1.33) mode 10,1779.77,2226.64,1636.75,-446.87,143.02
HCOHCO (1.33) mode 11,2982.13,2467.85,2939.29,514.28,42.84
HCOHCO (1.33) mode 12,2987.10,2939.29,2986.46,47.80,0.64
H2CCHF (1.35) mode 1,481.38,598.79,598.79,-117.41,-117.41
H2CCHF (1.35) mode 2,725.01,806.02,806.02,-81.01,-81.01
H2CCHF (1.35) mode 3,871.03,870.71,870.71,0.32,0.32
H2CCHF (1.35) mode 4,945.55,889.26,889.26,56.28,56.28
H2CCHF (1.35) mode 5,956.17,1118.39,1114.31,-162.22,-158.14
H2CCHF (1.35) mode 6,1186.16,1325.04,1274.47,-138.88,-88.31
H2CCHF (1.35) mode 7,1335.38,1515.52,1447.76,-180.14,-112.38
H2CCHF (1.35) mode 8,1424.87,1672.53,1518.52,-247.66,-93.65
H2CCHF (1.35) mode 9,1703.22,2603.00,2077.65,-899.78,-374.43
H2CCHF (1.35) mode 10,3178.28,2715.77,2765.77,462.51,412.51
H2CCHF (1.35) mode 11,3216.73,2809.69,3154.73,407.04,61.99
H2CCHF (1.35) mode 12,3280.45,3154.80,3303.41,125.65,-22.95
H2CCHCl (1.36) mode 1,393.16,442.58,417.26,-49.41,-24.10
H2CCHCl (1.36) mode 2,624.92,625.13,624.95,-0.21,-0.04
H2CCHCl (1.36) mode 3,728.91,793.33,806.94,-64.43,-78.03
H2CCHCl (1.36) mode 4,906.85,906.73,906.85,0.12,-0.00
H2CCHCl (1.36) mode 5,967.57,967.54,967.54,0.03,0.02
H2CCHCl (1.36) mode 6,1043.79,1290.77,1097.36,-246.97,-53.57
H2CCHCl (1.36) mode 7,1303.91,1526.77,1349.62,-222.86,-45.71
H2CCHCl (1.36) mode 8,1409.03,1559.47,1403.72,-150.44,5.31
H2CCHCl (1.36) mode 9,1648.92,1695.19,1804.90,-46.27,-155.99
H2CCHCl (1.36) mode 10,3163.14,2938.65,3107.05,224.49,56.09
H2CCHCl (1.36) mode 11,3219.69,3183.76,3161.81,35.93,57.88
H2CCHCl (1.36) mode 12,3261.58,3207.75,3234.16,53.83,27.42
H3CCClO (1.37) mode 1,143.29,511.36,330.92,-368.06,-187.63
H3CCClO (1.37) mode 2,343.07,511.41,511.37,-168.34,-168.30
H3CCClO (1.37) mode 3,448.70,660.50,709.44,-211.80,-260.74
H3CCClO (1.37) mode 4,518.05,774.41,827.45,-256.35,-309.40
H3CCClO (1.37) mode 5,613.58,1095.48,1095.48,-481.90,-481.90
H3CCClO (1.37) mode 6,969.93,1133.19,1133.19,-163.25,-163.25
H3CCClO (1.37) mode 7,1047.49,1227.09,1227.10,-179.59,-179.61
H3CCClO (1.37) mode 8,1127.04,1337.33,1337.33,-210.29,-210.29
H3CCClO (1.37) mode 9,1394.09,1440.79,1391.75,-46.70,2.35
H3CCClO (1.37) mode 10,1472.26,1513.11,1554.40,-40.85,-82.14
H3CCClO (1.37) mode 11,1478.20,1566.08,1566.12,-87.88,-87.93
H3CCClO (1.37) mode 12,1859.03,2086.21,2068.77,-227.18,-209.74
H3CCClO (1.37) mode 13,3062.21,2707.56,2709.79,354.66,352.43
H3CCClO (1.37) mode 14,3142.85,2833.52,2833.52,309.33,309.33
H3CCClO (1.37) mode 15,3169.14,3078.33,3090.07,90.81,79.07
H3CCFO (1.38) mode 1,135.39,156.25,156.25,-20.87,-20.87
H3CCFO (1.38) mode 2,412.95,631.04,558.33,-218.09,-145.38
H3CCFO (1.38) mode 3,572.45,739.17,795.52,-166.72,-223.06
H3CCFO (1.38) mode 4,605.07,1045.95,857.42,-440.88,-252.35
H3CCFO (1.38) mode 5,854.81,1205.08,1205.08,-350.27,-350.27
H3CCFO (1.38) mode 6,1017.14,1220.84,1220.84,-203.70,-203.70
H3CCFO (1.38) mode 7,1073.06,1244.46,1290.61,-171.39,-217.55
H3CCFO (1.38) mode 8,1229.96,1290.61,1381.12,-60.65,-151.17
H3CCFO (1.38) mode 9,1409.07,1510.36,1395.62,-101.29,13.45
H3CCFO (1.38) mode 10,1478.05,1545.76,1638.09,-67.71,-160.04
H3CCFO (1.38) mode 11,1486.58,1758.09,1758.09,-271.50,-271.50
H3CCFO (1.38) mode 12,1905.64,1990.80,1981.49,-85.17,-75.85
H3CCFO (1.38) mode 13,3067.89,2741.84,2741.84,326.05,326.05
H3CCFO (1.38) mode 14,3141.37,2790.39,2797.46,350.98,343.91
H3CCFO (1.38) mode 15,3183.94,3080.98,3086.98,102.96,96.96
CH3COOH (1.39) mode 1,78.18,418.81,418.81,-340.64,-340.64
CH3COOH (1.39) mode 2,418.78,449.79,449.79,-31.01,-31.01
CH3COOH (1.39) mode 3,545.73,584.15,584.15,-38.43,-38.43
CH3COOH (1.39) mode 4,584.13,870.05,870.05,-285.92,-285.92
CH3COOH (1.39) mode 5,664.47,996.82,996.82,-332.35,-332.35
CH3COOH (1.39) mode 6,869.68,1005.39,1005.11,-135.71,-135.42
CH3COOH (1.39) mode 7,1005.01,1040.33,1040.33,-35.32,-35.32
CH3COOH (1.39) mode 8,1071.35,1058.06,1058.06,13.29,13.29
CH3COOH (1.39) mode 9,1220.34,1220.28,1220.51,0.06,-0.17
CH3COOH (1.39) mode 10,1355.18,1355.36,1355.17,-0.18,0.01
CH3COOH (1.39) mode 11,1422.27,1422.20,1422.39,0.07,-0.12
CH3COOH (1.39) mode 12,1481.23,1481.01,1481.00,0.22,0.23
CH3COOH (1.39) mode 13,1487.62,1836.95,1836.95,-349.32,-349.33
CH3COOH (1.39) mode 14,1837.11,2281.45,2281.45,-444.34,-444.34
CH3COOH (1.39) mode 15,3064.96,2312.30,2312.30,752.66,752.66
CH3COOH (1.39) mode 16,3137.39,3064.92,3064.92,72.47,72.47
CH3COOH (1.39) mode 17,3180.57,3180.56,3180.56,0.01,0.00
CH3COOH (1.39) mode 18,3776.29,3776.29,3776.28,0.01,0.01
CH3OCHO (1.40) mode 1,144.91,145.12,145.12,-0.21,-0.21
CH3OCHO (1.40) mode 2,310.98,339.99,339.99,-29.00,-29.00
CH3OCHO (1.40) mode 3,339.98,435.32,435.32,-95.35,-95.35
CH3OCHO (1.40) mode 4,776.79,1041.98,856.47,-265.20,-79.68
CH3OCHO (1.40) mode 5,957.60,1049.48,1049.48,-91.89,-91.89
CH3OCHO (1.40) mode 6,1049.47,1168.12,1185.10,-118.66,-135.63
CH3OCHO (1.40) mode 7,1185.12,1185.10,1303.03,0.02,-117.91
CH3OCHO (1.40) mode 8,1195.91,1315.41,1310.23,-119.51,-114.33
CH3OCHO (1.40) mode 9,1243.84,1412.56,1423.12,-168.72,-179.28
CH3OCHO (1.40) mode 10,1404.55,1475.24,1476.08,-70.68,-71.52
CH3OCHO (1.40) mode 11,1472.50,1495.31,1495.31,-22.81,-22.81
CH3OCHO (1.40) mode 12,1495.32,1612.53,1612.53,-117.21,-117.21
CH3OCHO (1.40) mode 13,1509.79,1946.77,1780.43,-436.98,-270.64
CH3OCHO (1.40) mode 14,1799.60,2116.55,1946.77,-316.95,-147.16
CH3OCHO (1.40) mode 15,3063.30,2216.15,2494.23,847.15,569.07
CH3OCHO (1.40) mode 16,3078.26,3067.45,3067.21,10.81,11.05
CH3OCHO (1.40) mode 17,3143.88,3077.95,3078.20,65.93,65.69
CH3OCHO (1.40) mode 18,3176.95,3143.88,3143.88,33.07,33.07
H3CCHO (1.41) mode 1,156.12,236.92,236.92,-80.80,-80.80
H3CCHO (1.41) mode 2,503.56,764.27,764.27,-260.72,-260.72
H3CCHO (1.41) mode 3,777.41,963.47,963.47,-186.06,-186.06
H3CCHO (1.41) mode 4,895.54,1366.67,1153.82,-471.13,-258.28
H3CCHO (1.41) mode 5,1132.41,1375.35,1255.47,-242.94,-123.06
H3CCHO (1.41) mode 6,1134.44,1684.94,1312.88,-550.49,-178.44
H3CCHO (1.41) mode 7,1383.16,1704.18,1358.92,-321.02,24.24
H3CCHO (1.41) mode 8,1431.32,1817.47,1704.18,-386.15,-272.86
H3CCHO (1.41) mode 9,1469.93,1995.87,1856.69,-525.94,-386.76
H3CCHO (1.41) mode 10,1481.19,2081.18,2081.18,-599.99,-599.99
H3CCHO (1.41) mode 11,1793.14,2243.55,2125.54,-450.41,-332.40
H3CCHO (1.41) mode 12,2918.88,2258.21,2254.64,660.66,664.23
H3CCHO (1.41) mode 13,3037.72,2424.85,2713.11,612.86,324.61
H3CCHO (1.41) mode 14,3105.97,2647.92,2920.98,458.05,184.99
H3CCHO (1.41) mode 15,3156.22,2725.47,2986.32,430.75,169.90
H3CCH2Cl (1.42) mode 1,261.87,379.23,362.84,-117.36,-100.97
H3CCH2Cl (1.42) mode 2,331.54,722.55,730.91,-391.01,-399.37
H3CCH2Cl (1.42) mode 3,688.50,1059.14,1059.14,-370.64,-370.64
H3CCH2Cl (1.42) mode 4,787.64,1364.64,1363.19,-577.00,-575.55
H3CCH2Cl (1.42) mode 5,993.23,1445.78,1364.64,-452.55,-371.41
H3CCH2Cl (1.42) mode 6,1080.78,1457.90,1445.78,-377.12,-365.00
H3CCH2Cl (1.42) mode 7,1094.08,1484.43,1484.40,-390.35,-390.32
H3CCH2Cl (1.42) mode 8,1280.40,1489.97,1489.97,-209.57,-209.57
H3CCH2Cl (1.42) mode 9,1321.69,1769.14,1779.90,-447.45,-458.21
H3CCH2Cl (1.42) mode 10,1414.25,1914.11,1914.10,-499.86,-499.86
H3CCH2Cl (1.42) mode 11,1492.91,2119.44,2036.30,-626.53,-543.40
H3CCH2Cl (1.42) mode 12,1498.26,2156.14,2119.46,-657.88,-621.20
H3CCH2Cl (1.42) mode 13,1507.54,2207.09,2207.09,-699.55,-699.55
H3CCH2Cl (1.42) mode 14,3042.95,2301.12,2301.13,741.83,741.82
H3CCH2Cl (1.42) mode 15,3091.31,2314.20,2410.81,777.11,680.50
H3CCH2Cl (1.42) mode 16,3119.73,2410.81,2420.31,708.92,699.42
H3CCH2Cl (1.42) mode 17,3127.71,2728.64,2770.28,399.07,357.43
H3CCH2Cl (1.42) mode 18,3154.38,2834.63,2834.63,319.75,319.75
H3CCH3 (1.43) mode 1,310.01,310.01,310.01,-0.00,-0.00
H3CCH3 (1.43) mode 2,820.85,820.93,820.93,-0.08,-0.08
H3CCH3 (1.43) mode 3,820.86,820.93,820.93,-0.08,-0.08
H3CCH3 (1.43) mode 4,1013.93,1014.18,1014.18,-0.26,-0.26
H3CCH3 (1.43) mode 5,1224.80,1224.85,1224.85,-0.06,-0.06
H3CCH3 (1.43) mode 6,1224.80,1369.94,1369.94,-145.15,-145.15
H3CCH3 (1.43) mode 7,1406.53,1406.53,1406.53,0.00,0.00
H3CCH3 (1.43) mode 8,1427.46,1427.36,1425.14,0.11,2.33
H3CCH3 (1.43) mode 9,1510.82,1510.74,1427.36,0.08,83.47
H3CCH3 (1.43) mode 10,1510.83,1512.49,1510.74,-1.66,0.09
H3CCH3 (1.43) mode 11,1512.52,1512.55,1512.49,-0.03,0.03
H3CCH3 (1.43) mode 12,1512.52,1690.13,1512.55,-177.61,-0.03
H3CCH3 (1.43) mode 13,3038.00,2939.41,3038.00,98.59,0.00
H3CCH3 (1.43) mode 14,3039.53,3038.01,3039.49,1.52,0.03
H3CCH3 (1.43) mode 15,3096.88,3039.49,3076.63,57.39,20.26
H3CCH3 (1.43) mode 16,3096.88,3096.84,3096.87,0.04,0.01
H3CCH3 (1.43) mode 17,3120.06,3120.06,3120.06,0.01,0.00
H3CCH3 (1.43) mode 18,3120.06,3120.10,3120.07,-0.04,-0.00
H3COCH3 (1.44) mode 1,203.09,400.92,400.92,-197.83,-197.83
H3COCH3 (1.44) mode 2,255.06,617.58,474.06,-362.52,-219.00
H3COCH3 (1.44) mode 3,418.84,705.55,617.58,-286.72,-198.75
H3COCH3 (1.44) mode 4,964.06,854.04,1001.23,110.02,-37.16
H3COCH3 (1.44) mode 5,1128.79,1169.84,1169.85,-41.05,-41.05
H3COCH3 (1.44) mode 6,1169.37,1255.08,1255.08,-85.71,-85.71
H3COCH3 (1.44) mode 7,1202.41,1448.67,1315.10,-246.26,-112.69
H3COCH3 (1.44) mode 8,1212.11,1467.93,1448.67,-255.82,-236.56
H3COCH3 (1.44) mode 9,1277.41,1691.98,1691.98,-414.57,-414.57
H3COCH3 (1.44) mode 10,1460.11,1703.45,1703.45,-243.34,-243.34
H3COCH3 (1.44) mode 11,1490.45,1753.07,1753.07,-262.61,-262.61
H3COCH3 (1.44) mode 12,1494.98,1876.04,1876.04,-381.06,-381.06
H3COCH3 (1.44) mode 13,1500.07,2053.36,2053.36,-553.29,-553.29
H3COCH3 (1.44) mode 14,1508.70,2073.03,2173.20,-564.34,-664.50
H3COCH3 (1.44) mode 15,1526.82,2272.80,2271.60,-745.98,-744.78
H3COCH3 (1.44) mode 16,2978.19,2421.54,2421.54,556.66,556.66
H3COCH3 (1.44) mode 17,2987.43,2497.19,2497.19,490.25,490.25
H3COCH3 (1.44) mode 18,3030.84,2602.72,2602.72,428.12,428.12
H3COCH3 (1.44) mode 19,3036.25,2665.54,2665.54,370.72,370.72
H3COCH3 (1.44) mode 20,3129.14,2792.22,2793.20,336.93,335.95
H3COCH3 (1.44) mode 21,3130.94,2976.51,2976.51,154.43,154.43
EtOH (1.45) mode 1,235.41,709.50,237.37,-474.09,-1.96
EtOH (1.45) mode 2,280.63,751.61,628.61,-470.97,-347.97
EtOH (1.45) mode 3,413.74,851.00,851.00,-437.26,-437.26
EtOH (1.45) mode 4,818.70,1007.54,1007.54,-188.85,-188.85
EtOH (1.45) mode 5,909.14,1038.85,1130.99,-129.71,-221.85
EtOH (1.45) mode 6,1050.78,1131.34,1161.15,-80.56,-110.37
EtOH (1.45) mode 7,1121.48,1161.15,1211.85,-39.68,-90.37
EtOH (1.45) mode 8,1187.04,1166.33,1260.07,20.71,-73.03
EtOH (1.45) mode 9,1285.13,1421.62,1421.62,-136.49,-136.49
EtOH (1.45) mode 10,1306.08,1495.63,1455.43,-189.55,-149.35
EtOH (1.45) mode 11,1403.22,1496.97,1497.24,-93.75,-94.02
EtOH (1.45) mode 12,1468.04,1510.37,1508.92,-42.33,-40.89
EtOH (1.45) mode 13,1489.67,1532.67,1532.67,-43.00,-43.00
EtOH (1.45) mode 14,1508.41,1814.92,1847.31,-306.51,-338.91
EtOH (1.45) mode 15,1538.40,2196.20,2197.19,-657.79,-658.79
EtOH (1.45) mode 16,3000.32,2471.25,2459.70,529.07,540.62
EtOH (1.45) mode 17,3032.33,2761.62,2761.62,270.71,270.71
EtOH (1.45) mode 18,3045.11,2960.52,2960.52,84.59,84.59
EtOH (1.45) mode 19,3123.33,3078.04,3078.73,45.29,44.59
EtOH (1.45) mode 20,3128.35,3098.83,3098.83,29.52,29.53
EtOH (1.45) mode 21,3857.30,3620.63,3627.90,236.67,229.40
SiCl4 (1.49) mode 1,146.56,146.84,146.73,-0.28,-0.17
SiCl4 (1.49) mode 2,146.57,147.20,147.28,-0.63,-0.71
SiCl4 (1.49) mode 3,221.54,221.42,221.30,0.12,0.24
SiCl4 (1.49) mode 4,221.56,221.50,221.59,0.05,-0.03
SiCl4 (1.49) mode 5,221.78,221.75,221.80,0.02,-0.02
SiCl4 (1.49) mode 6,424.70,424.70,424.70,0.00,-0.00
SiCl4 (1.49) mode 7,627.16,627.10,627.09,0.07,0.07
SiCl4 (1.49) mode 8,627.19,627.15,627.15,0.04,0.04
SiCl4 (1.49) mode 9,627.23,627.19,627.19,0.04,0.03
SiF4 (1.50) mode 1,263.22,263.36,263.31,-0.15,-0.09
SiF4 (1.50) mode 2,263.27,263.51,263.38,-0.24,-0.11
SiF4 (1.50) mode 3,387.72,387.71,387.65,0.01,0.07
SiF4 (1.50) mode 4,387.76,387.75,387.77,0.01,-0.01
SiF4 (1.50) mode 5,387.78,387.78,387.94,0.00,-0.16
SiF4 (1.50) mode 6,798.06,798.06,798.06,-0.00,-0.00
SiF4 (1.50) mode 7,1038.05,1038.02,1037.99,0.03,0.05
SiF4 (1.50) mode 8,1038.06,1038.02,1038.02,0.04,0.04
SiF4 (1.50) mode 9,1038.07,1038.04,1038.07,0.02,-0.00
SiH3SiH3 (1.51) mode 1,137.39,137.39,137.39,-0.00,-0.00
SiH3SiH3 (1.51) mode 2,371.94,437.98,437.98,-66.04,-66.04
SiH3SiH3 (1.51) mode 3,371.95,636.94,636.94,-265.00,-264.99
SiH3SiH3 (1.51) mode 4,437.94,711.21,711.21,-273.27,-273.27
SiH3SiH3 (1.51) mode 5,636.90,713.05,712.92,-76.15,-76.02
SiH3SiH3 (1.51) mode 6,636.90,713.07,713.20,-76.17,-76.30
SiH3SiH3 (1.51) mode 7,860.79,779.89,779.79,80.90,81.00
SiH3SiH3 (1.51) mode 8,935.18,779.99,780.08,155.19,155.10
SiH3SiH3 (1.51) mode 9,952.27,860.79,860.79,91.47,91.47
SiH3SiH3 (1.51) mode 10,952.28,935.19,935.17,17.09,17.11
SiH3SiH3 (1.51) mode 11,966.37,952.25,952.25,14.12,14.11
SiH3SiH3 (1.51) mode 12,966.39,1128.13,1128.15,-161.74,-161.75
SiH3SiH3 (1.51) mode 13,2221.82,2122.58,2122.58,99.24,99.24
SiH3SiH3 (1.51) mode 14,2229.68,2221.89,2221.84,7.79,7.84
SiH3SiH3 (1.51) mode 15,2229.68,2227.86,2228.07,1.82,1.61
SiH3SiH3 (1.51) mode 16,2230.82,2228.14,2228.15,2.68,2.67
SiH3SiH3 (1.51) mode 17,2238.14,2229.59,2229.68,8.55,8.46
SiH3SiH3 (1.51) mode 18,2238.14,2231.20,2230.93,6.94,7.21
SiH3CH3 (1.52) mode 1,204.58,204.58,204.58,-0.00,-0.00
SiH3CH3 (1.52) mode 2,517.82,705.71,705.71,-187.90,-187.89
SiH3CH3 (1.52) mode 3,517.82,957.95,957.95,-440.13,-440.13
SiH3CH3 (1.52) mode 4,705.49,1139.76,1138.22,-434.27,-432.73
SiH3CH3 (1.52) mode 5,887.60,1140.11,1141.57,-252.51,-253.97
SiH3CH3 (1.52) mode 6,887.60,1294.02,1294.02,-406.42,-406.42
SiH3CH3 (1.52) mode 7,957.95,1310.51,1310.03,-352.57,-352.08
SiH3CH3 (1.52) mode 8,973.68,1315.34,1315.83,-341.67,-342.15
SiH3CH3 (1.52) mode 9,973.70,1490.15,1460.70,-516.45,-487.01
SiH3CH3 (1.52) mode 10,1294.07,1490.56,1490.15,-196.49,-196.07
SiH3CH3 (1.52) mode 11,1469.42,1626.14,1624.84,-156.73,-155.42
SiH3CH3 (1.52) mode 12,1469.44,1626.16,1627.52,-156.72,-158.08
SiH3CH3 (1.52) mode 13,2233.65,2052.27,2052.19,181.38,181.46
SiH3CH3 (1.52) mode 14,2233.66,2056.00,2056.08,177.65,177.58
SiH3CH3 (1.52) mode 15,2235.39,2235.39,2235.39,0.00,0.00
SiH3CH3 (1.52) mode 16,3038.03,2606.34,2606.41,431.68,431.61
SiH3CH3 (1.52) mode 17,3122.33,2606.41,2623.20,515.92,499.14
SiH3CH3 (1.52) mode 18,3122.34,3038.00,3038.00,84.34,84.34
PH3 (1.53) mode 1,1021.69,1021.69,1021.69,-0.00,-0.00
PH3 (1.53) mode 2,1145.24,1145.25,1145.25,-0.01,-0.00
PH3 (1.53) mode 3,1145.25,1145.26,1145.26,-0.00,-0.00
PH3 (1.53) mode 4,2415.52,2415.41,2415.41,0.11,0.11
PH3 (1.53) mode 5,2422.82,2422.82,2422.82,0.00,0.00
PH3 (1.53) mode 6,2422.82,2422.93,2422.93,-0.11,-0.11
PF3 (1.54) mode 1,359.12,359.13,359.12,-0.01,-0.00
PF3 (1.54) mode 2,359.14,359.14,359.15,0.01,-0.00
PF3 (1.54) mode 3,501.47,501.49,501.49,-0.03,-0.03
PF3 (1.54) mode 4,897.80,897.80,897.80,0.00,0.00
PF3 (1.54) mode 5,897.81,897.80,897.81,0.00,0.00
PF3 (1.54) mode 6,915.76,915.75,915.75,0.01,0.01
HOCl (1.55) mode 1,732.53,732.54,732.53,-0.01,-0.00
HOCl (1.55) mode 2,1281.33,1281.39,1281.33,-0.06,0.00
HOCl (1.55) mode 3,3809.62,3809.59,3809.62,0.02,0.00
ONCl (1.56) mode 1,342.84,342.90,342.86,-0.07,-0.03
ONCl (1.56) mode 2,609.86,609.85,609.86,0.01,-0.00
ONCl (1.56) mode 3,1828.88,1828.87,1828.88,0.01,0.01
O3 (1.57) mode 1,715.68,924.67,795.12,-208.99,-79.44
O3 (1.57) mode 2,1054.32,998.24,1028.46,56.09,25.86
O3 (1.57) mode 3,1153.11,1049.75,1124.06,103.36,29.05
OF2 (1.58) mode 1,469.29,469.46,469.46,-0.17,-0.17
OF2 (1.58) mode 2,867.42,867.42,867.42,0.00,0.00
OF2 (1.58) mode 3,950.11,950.02,950.02,0.08,0.08
H2O (1.59) mode 1,1668.87,1879.44,1668.87,-210.57,0.00
H2O (1.59) mode 2,3840.92,3742.40,3840.92,98.53,0.00
H2O (1.59) mode 3,3945.53,3945.53,3945.53,0.00,0.00
NF3 (1.60) mode 1,502.48,502.50,502.50,-0.02,-0.01
NF3 (1.60) mode 2,502.48,502.53,502.54,-0.05,-0.06
NF3 (1.60) mode 3,659.91,660.00,660.00,-0.09,-0.09
NF3 (1.60) mode 4,949.20,949.17,949.17,0.02,0.03
NF3 (1.60) mode 5,949.20,949.18,949.19,0.01,0.01
NF3 (1.60) mode 6,1058.35,1058.29,1058.29,0.06,0.06
ClF3 (1.61) mode 1,336.96,336.96,336.96,0.00,0.00
ClF3 (1.61) mode 2,338.43,338.46,338.46,-0.03,-0.03
ClF3 (1.61) mode 3,441.96,441.96,441.96,-0.00,-0.00
ClF3 (1.61) mode 4,543.99,543.98,543.98,0.01,0.01
ClF3 (1.61) mode 5,735.59,735.59,735.59,0.00,0.00
ClF3 (1.61) mode 6,765.58,765.57,765.57,0.01,0.01
HOOH (1.62) mode 1,372.17,760.46,575.07,-388.30,-202.90
HOOH (1.62) mode 2,911.79,878.40,1009.55,33.39,-97.76
HOOH (1.62) mode 3,1323.64,1392.08,1341.55,-68.45,-17.92
HOOH (1.62) mode 4,1435.98,1393.49,1392.09,42.49,43.89
HOOH (1.62) mode 5,3807.91,3775.01,3783.42,32.90,24.49
HOOH (1.62) mode 6,3809.29,3783.44,3793.80,25.84,15.49
F2CO (1.63) mode 1,588.74,588.74,588.74,-0.01,-0.01
F2CO (1.63) mode 2,626.11,626.11,626.11,-0.00,-0.00
F2CO (1.63) mode 3,786.02,786.02,786.02,0.00,0.00
F2CO (1.63) mode 4,983.53,983.54,983.54,-0.02,-0.02
F2CO (1.63) mode 5,1293.99,1293.99,1293.99,0.00,0.00
F2CO (1.63) mode 6,1978.03,1978.02,1978.02,0.01,0.01
SiH2 (1.65) mode 1,1025.33,1025.39,1025.33,-0.06,-0.00
SiH2 (1.65) mode 2,2060.52,2060.52,2060.52,-0.00,-0.00
SiH2 (1.65) mode 3,2063.17,2063.13,2063.17,0.03,0.00
H2NNH2 (1.67) mode 1,25.68,29.30,29.30,-3.62,-3.62
H2NNH2 (1.67) mode 2,943.78,943.87,943.87,-0.08,-0.08
H2NNH2 (1.67) mode 3,1068.37,1068.45,1068.45,-0.08,-0.08
H2NNH2 (1.67) mode 4,1108.51,1108.45,1108.45,0.06,0.06
H2NNH2 (1.67) mode 5,1256.79,1256.88,1256.88,-0.09,-0.09
H2NNH2 (1.67) mode 6,1487.98,1488.03,1488.03,-0.04,-0.04
H2NNH2 (1.67) mode 7,1638.68,1638.63,1638.63,0.04,0.04
H2NNH2 (1.67) mode 8,1690.46,1690.41,1690.41,0.05,0.06
H2NNH2 (1.67) mode 9,3437.77,3437.66,3437.73,0.11,0.04
H2NNH2 (1.67) mode 10,3455.35,3455.39,3455.35,-0.04,0.00
H2NNH2 (1.67) mode 11,3512.91,3512.94,3512.91,-0.03,0.00
H2NNH2 (1.67) mode 12,3533.97,3533.96,3533.96,0.01,0.01
NHCH2CH2 (1.69) mode 1,782.13,1077.75,970.06,-295.62,-187.93
NHCH2CH2 (1.69) mode 2,840.79,1121.39,1077.75,-280.60,-236.96
NHCH2CH2 (1.69) mode 3,874.83,1180.64,1119.00,-305.81,-244.17
NHCH2CH2 (1.69) mode 4,923.43,1187.19,1182.99,-263.76,-259.56
NHCH2CH2 (1.69) mode 5,1022.46,1258.04,1187.19,-235.58,-164.72
NHCH2CH2 (1.69) mode 6,1113.59,1377.58,1287.00,-263.99,-173.41
NHCH2CH2 (1.69) mode 7,1120.20,1385.04,1377.58,-264.85,-257.38
NHCH2CH2 (1.69) mode 8,1162.60,1396.27,1385.04,-233.66,-222.44
NHCH2CH2 (1.69) mode 9,1245.94,1425.51,1425.51,-179.57,-179.57
NHCH2CH2 (1.69) mode 10,1272.26,1432.43,1462.22,-160.16,-189.95
NHCH2CH2 (1.69) mode 11,1307.58,1487.24,1632.42,-179.66,-324.84
NHCH2CH2 (1.69) mode 12,1501.76,1711.95,1660.13,-210.18,-158.37
NHCH2CH2 (1.69) mode 13,1532.65,2130.51,2130.51,-597.86,-597.86
NHCH2CH2 (1.69) mode 14,3130.26,2682.62,2682.62,447.64,447.64
NHCH2CH2 (1.69) mode 15,3137.27,2890.24,2987.26,247.03,150.01
NHCH2CH2 (1.69) mode 16,3214.74,3010.33,3010.33,204.41,204.41
NHCH2CH2 (1.69) mode 17,3228.03,3012.79,3012.79,215.24,215.24
NHCH2CH2 (1.69) mode 18,3515.02,3168.54,3168.54,346.48,346.48
H3CCONH2 (1.70) mode 1,56.11,56.81,56.40,-0.71,-0.30
H3CCONH2 (1.70) mode 2,300.00,302.16,301.79,-2.16,-1.79
H3CCONH2 (1.70) mode 3,416.24,416.00,416.32,0.24,-0.08
H3CCONH2 (1.70) mode 4,508.36,508.06,508.04,0.30,0.32
H3CCONH2 (1.70) mode 5,553.53,553.54,553.54,-0.01,-0.01
H3CCONH2 (1.70) mode 6,638.47,638.03,638.03,0.43,0.44
H3CCONH2 (1.70) mode 7,854.16,854.46,854.47,-0.31,-0.32
H3CCONH2 (1.70) mode 8,981.94,982.13,982.14,-0.19,-0.19
H3CCONH2 (1.70) mode 9,1057.36,1057.41,1057.42,-0.05,-0.06
H3CCONH2 (1.70) mode 10,1134.12,1134.09,1134.09,0.03,0.03
H3CCONH2 (1.70) mode 11,1344.17,1344.73,1344.15,-0.55,0.03
H3CCONH2 (1.70) mode 12,1409.87,1409.72,1409.96,0.15,-0.09
H3CCONH2 (1.70) mode 13,1480.84,1480.50,1480.76,0.34,0.08
H3CCONH2 (1.70) mode 14,1495.75,1495.64,1495.68,0.11,0.07
H3CCONH2 (1.70) mode 15,1628.26,1628.26,1628.21,0.01,0.06
H3CCONH2 (1.70) mode 16,1794.30,1794.15,1794.20,0.15,0.11
H3CCONH2 (1.70) mode 17,3050.62,3050.62,3050.61,0.01,0.01
H3CCONH2 (1.70) mode 18,3122.95,3122.93,3122.95,0.02,0.00
H3CCONH2 (1.70) mode 19,3165.52,3165.49,3165.49,0.02,0.03
H3CCONH2 (1.70) mode 20,3604.29,3604.30,3604.28,-0.01,0.02
H3CCONH2 (1.70) mode 21,3738.95,3738.92,3738.94,0.03,0.00
NHMe2 (1.71) mode 1,223.19,223.38,223.38,-0.18,-0.18
NHMe2 (1.71) mode 2,268.98,269.15,269.13,-0.17,-0.15
NHMe2 (1.71) mode 3,385.55,385.64,385.64,-0.09,-0.08
NHMe2 (1.71) mode 4,812.70,813.52,812.90,-0.82,-0.20
NHMe2 (1.71) mode 5,953.41,952.95,953.48,0.46,-0.08
NHMe2 (1.71) mode 6,1028.85,1029.33,1029.33,-0.48,-0.48
NHMe2 (1.71) mode 7,1100.92,1101.44,1101.00,-0.51,-0.07
NHMe2 (1.71) mode 8,1177.66,1177.49,1177.90,0.17,-0.24
NHMe2 (1.71) mode 9,1198.28,1198.32,1198.31,-0.04,-0.03
NHMe2 (1.71) mode 10,1273.32,1273.32,1273.33,0.01,-0.00
NHMe2 (1.71) mode 11,1438.95,1439.10,1439.10,-0.16,-0.16
NHMe2 (1.71) mode 12,1467.77,1467.84,1467.84,-0.07,-0.06
NHMe2 (1.71) mode 13,1478.41,1478.53,1478.38,-0.12,0.03
NHMe2 (1.71) mode 14,1492.67,1492.35,1492.51,0.32,0.16
NHMe2 (1.71) mode 15,1504.35,1504.23,1504.22,0.12,0.13
NHMe2 (1.71) mode 16,1522.52,1522.15,1522.15,0.37,0.37
NHMe2 (1.71) mode 17,1524.85,1524.81,1524.81,0.03,0.03
NHMe2 (1.71) mode 18,2958.30,2958.32,2958.33,-0.02,-0.03
NHMe2 (1.71) mode 19,2959.91,2960.03,2959.89,-0.11,0.03
NHMe2 (1.71) mode 20,3065.27,3065.14,3065.26,0.13,0.01
NHMe2 (1.71) mode 21,3066.32,3066.20,3066.20,0.12,0.12
NHMe2 (1.71) mode 22,3112.90,3112.89,3112.90,0.01,0.01
NHMe2 (1.71) mode 23,3113.81,3113.83,3113.82,-0.02,-0.02
NHMe2 (1.71) mode 24,3524.72,3524.71,3524.71,0.02,0.02
NH2Et (1.72) mode 1,254.09,254.17,254.12,-0.08,-0.03
NH2Et (1.72) mode 2,288.51,288.51,288.56,-0.00,-0.05
NH2Et (1.72) mode 3,396.61,396.73,396.73,-0.13,-0.13
NH2Et (1.72) mode 4,777.12,777.15,777.15,-0.04,-0.04
NH2Et (1.72) mode 5,877.07,877.34,877.33,-0.27,-0.26
NH2Et (1.72) mode 6,914.85,915.23,915.23,-0.38,-0.38
NH2Et (1.72) mode 7,1008.36,1008.46,1008.46,-0.10,-0.10
NH2Et (1.72) mode 8,1081.55,1082.00,1081.81,-0.45,-0.25
NH2Et (1.72) mode 9,1160.25,1159.99,1160.18,0.25,0.07
NH2Et (1.72) mode 10,1276.10,1276.11,1276.11,-0.02,-0.02
NH2Et (1.72) mode 11,1380.25,1380.54,1380.57,-0.28,-0.31
NH2Et (1.72) mode 12,1396.10,1396.10,1396.07,-0.00,0.03
NH2Et (1.72) mode 13,1408.58,1407.97,1407.96,0.61,0.62
NH2Et (1.72) mode 14,1493.31,1493.22,1493.27,0.09,0.04
NH2Et (1.72) mode 15,1499.43,1499.45,1499.41,-0.02,0.02
NH2Et (1.72) mode 16,1511.30,1511.27,1511.25,0.02,0.04
NH2Et (1.72) mode 17,1663.18,1663.13,1663.15,0.05,0.03
NH2Et (1.72) mode 18,3022.37,3022.36,3022.35,0.01,0.02
NH2Et (1.72) mode 19,3043.45,3043.44,3043.45,0.01,0.00
NH2Et (1.72) mode 20,3074.11,3074.09,3074.10,0.02,0.01
NH2Et (1.72) mode 21,3100.09,3100.02,3100.07,0.07,0.02
NH2Et (1.72) mode 22,3103.24,3103.30,3103.23,-0.06,0.01
NH2Et (1.72) mode 23,3477.75,3477.73,3477.73,0.02,0.02
NH2Et (1.72) mode 24,3559.16,3559.15,3559.15,0.01,0.01
CH3COCH3 (1.73) mode 1,20.78,43.07,43.00,-22.29,-22.22
CH3COCH3 (1.73) mode 2,141.09,376.79,376.79,-235.70,-235.70
CH3COCH3 (1.73) mode 3,371.56,534.02,534.02,-162.47,-162.47
CH3COCH3 (1.73) mode 4,480.47,844.94,823.62,-364.47,-343.15
CH3COCH3 (1.73) mode 5,527.58,871.44,844.94,-343.86,-317.36
CH3COCH3 (1.73) mode 6,794.73,914.73,914.73,-120.00,-120.01
CH3COCH3 (1.73) mode 7,887.40,1042.42,1042.42,-155.02,-155.01
CH3COCH3 (1.73) mode 8,894.52,1265.91,1115.08,-371.39,-220.56
CH3COCH3 (1.73) mode 9,1081.17,1471.59,1471.59,-390.42,-390.42
CH3COCH3 (1.73) mode 10,1116.27,1481.45,1481.45,-365.18,-365.18
CH3COCH3 (1.73) mode 11,1246.46,1636.14,1636.14,-389.68,-389.68
CH3COCH3 (1.73) mode 12,1386.96,1638.17,1638.17,-251.21,-251.21
CH3COCH3 (1.73) mode 13,1395.11,1822.15,1822.15,-427.04,-427.04
CH3COCH3 (1.73) mode 14,1468.80,1864.08,1864.08,-395.28,-395.28
CH3COCH3 (1.73) mode 15,1474.27,1921.22,1921.22,-446.95,-446.95
CH3COCH3 (1.73) mode 16,1476.54,1959.80,1980.37,-483.26,-503.83
CH3COCH3 (1.73) mode 17,1495.93,1994.04,1994.04,-498.12,-498.12
CH3COCH3 (1.73) mode 18,1786.22,2239.26,2239.26,-453.04,-453.04
CH3COCH3 (1.73) mode 19,3037.08,2392.09,2392.09,644.98,644.99
CH3COCH3 (1.73) mode 20,3042.41,2499.34,2499.34,543.07,543.07
CH3COCH3 (1.73) mode 21,3104.03,2542.28,2542.28,561.75,561.75
CH3COCH3 (1.73) mode 22,3110.28,2581.96,2581.96,528.32,528.32
CH3COCH3 (1.73) mode 23,3157.81,2648.73,2715.68,509.07,442.13
CH3COCH3 (1.73) mode 24,3159.26,3134.60,3134.60,24.66,24.66
CH3CH2CH2Cl (1.74) mode 1,117.40,117.50,117.45,-0.10,-0.05
CH3CH2CH2Cl (1.74) mode 2,231.61,231.58,231.73,0.04,-0.12
CH3CH2CH2Cl (1.74) mode 3,233.16,233.37,233.22,-0.21,-0.05
CH3CH2CH2Cl (1.74) mode 4,363.85,363.92,363.89,-0.07,-0.04
CH3CH2CH2Cl (1.74) mode 5,750.95,750.94,750.98,0.01,-0.03
CH3CH2CH2Cl (1.74) mode 6,757.78,758.13,758.11,-0.35,-0.32
CH3CH2CH2Cl (1.74) mode 7,870.11,870.13,870.14,-0.03,-0.04
CH3CH2CH2Cl (1.74) mode 8,915.17,915.49,915.46,-0.32,-0.29
CH3CH2CH2Cl (1.74) mode 9,1055.55,1056.38,1056.41,-0.83,-0.86
CH3CH2CH2Cl (1.74) mode 10,1097.32,1097.61,1097.61,-0.29,-0.29
CH3CH2CH2Cl (1.74) mode 11,1125.98,1125.69,1125.69,0.28,0.29
CH3CH2CH2Cl (1.74) mode 12,1251.33,1251.14,1251.14,0.18,0.18
CH3CH2CH2Cl (1.74) mode 13,1284.71,1284.80,1284.80,-0.10,-0.10
CH3CH2CH2Cl (1.74) mode 14,1322.93,1322.89,1322.89,0.03,0.04
CH3CH2CH2Cl (1.74) mode 15,1375.19,1375.30,1374.82,-0.11,0.37
CH3CH2CH2Cl (1.74) mode 16,1414.57,1414.01,1414.47,0.56,0.10
CH3CH2CH2Cl (1.74) mode 17,1493.06,1493.00,1492.93,0.05,0.13
CH3CH2CH2Cl (1.74) mode 18,1499.57,1499.64,1499.71,-0.07,-0.14
CH3CH2CH2Cl (1.74) mode 19,1506.44,1506.43,1506.43,0.01,0.02
CH3CH2CH2Cl (1.74) mode 20,1514.46,1514.16,1514.17,0.30,0.30
CH3CH2CH2Cl (1.74) mode 21,3033.76,3033.82,3033.76,-0.06,0.01
CH3CH2CH2Cl (1.74) mode 22,3054.12,3054.01,3054.06,0.11,0.06
CH3CH2CH2Cl (1.74) mode 23,3079.76,3079.73,3079.74,0.03,0.02
CH3CH2CH2Cl (1.74) mode 24,3086.79,3086.84,3086.79,-0.06,-0.00
CH3CH2CH2Cl (1.74) mode 25,3108.28,3108.25,3108.30,0.03,-0.02
CH3CH2CH2Cl (1.74) mode 26,3116.65,3116.66,3116.66,-0.01,-0.01
CH3CH2CH2Cl (1.74) mode 27,3139.46,3139.44,3139.44,0.02,0.02
CH3CH2OCH3 (1.75) mode 1,112.85,113.27,112.96,-0.41,-0.11
CH3CH2OCH3 (1.75) mode 2,209.79,210.10,209.88,-0.31,-0.09
CH3CH2OCH3 (1.75) mode 3,259.12,258.86,259.17,0.26,-0.05
CH3CH2OCH3 (1.75) mode 4,288.79,288.90,288.84,-0.12,-0.06
CH3CH2OCH3 (1.75) mode 5,468.22,468.26,468.30,-0.05,-0.08
CH3CH2OCH3 (1.75) mode 6,820.71,820.76,820.76,-0.04,-0.04
CH3CH2OCH3 (1.75) mode 7,874.88,875.26,875.11,-0.38,-0.23
CH3CH2OCH3 (1.75) mode 8,1048.43,1048.57,1048.62,-0.13,-0.19
CH3CH2OCH3 (1.75) mode 9,1119.09,1119.29,1119.19,-0.20,-0.10
CH3CH2OCH3 (1.75) mode 10,1171.74,1172.09,1171.88,-0.35,-0.13
CH3CH2OCH3 (1.75) mode 11,1174.17,1175.41,1175.47,-1.24,-1.30
CH3CH2OCH3 (1.75) mode 12,1204.65,1204.53,1204.83,0.12,-0.18
CH3CH2OCH3 (1.75) mode 13,1244.72,1244.04,1244.04,0.68,0.68
CH3CH2OCH3 (1.75) mode 14,1301.19,1300.98,1300.98,0.21,0.21
CH3CH2OCH3 (1.75) mode 15,1396.67,1396.78,1396.74,-0.11,-0.07
CH3CH2OCH3 (1.75) mode 16,1431.74,1431.39,1431.43,0.35,0.31
CH3CH2OCH3 (1.75) mode 17,1480.96,1481.04,1481.05,-0.09,-0.09
CH3CH2OCH3 (1.75) mode 18,1490.30,1490.28,1490.26,0.02,0.04
CH3CH2OCH3 (1.75) mode 19,1495.37,1495.29,1495.31,0.08,0.06
CH3CH2OCH3 (1.75) mode 20,1506.90,1506.93,1506.78,-0.03,0.12
CH3CH2OCH3 (1.75) mode 21,1515.65,1515.30,1515.40,0.34,0.25
CH3CH2OCH3 (1.75) mode 22,1538.29,1538.17,1538.22,0.12,0.07
CH3CH2OCH3 (1.75) mode 23,2971.39,2971.37,2971.34,0.02,0.05
CH3CH2OCH3 (1.75) mode 24,2985.25,2985.19,2985.22,0.06,0.03
CH3CH2OCH3 (1.75) mode 25,3002.00,3002.01,3001.99,-0.01,0.01
CH3CH2OCH3 (1.75) mode 26,3034.72,3034.70,3034.71,0.02,0.00
CH3CH2OCH3 (1.75) mode 27,3045.76,3045.74,3045.73,0.02,0.03
CH3CH2OCH3 (1.75) mode 28,3123.74,3123.71,3123.74,0.03,-0.00
CH3CH2OCH3 (1.75) mode 29,3128.05,3127.53,3128.04,0.52,0.01
CH3CH2OCH3 (1.75) mode 30,3128.68,3129.23,3128.69,-0.55,-0.01
CH3CHOHCH3 (1.76) mode 1,224.49,225.68,224.73,-1.19,-0.24
CH3CHOHCH3 (1.76) mode 2,270.92,271.13,271.04,-0.21,-0.12
CH3CHOHCH3 (1.76) mode 3,272.99,272.47,273.26,0.52,-0.27
CH3CHOHCH3 (1.76) mode 4,357.74,357.75,357.82,-0.02,-0.08
CH3CHOHCH3 (1.76) mode 5,425.28,425.23,425.23,0.05,0.05
CH3CHOHCH3 (1.76) mode 6,464.61,464.72,464.69,-0.11,-0.07
CH3CHOHCH3 (1.76) mode 7,825.99,826.10,826.12,-0.11,-0.13
CH3CHOHCH3 (1.76) mode 8,922.41,925.22,922.70,-2.82,-0.29
CH3CHOHCH3 (1.76) mode 9,939.40,937.25,939.73,2.15,-0.33
CH3CHOHCH3 (1.76) mode 10,983.15,984.27,983.85,-1.11,-0.70
CH3CHOHCH3 (1.76) mode 11,1092.18,1092.44,1092.82,-0.26,-0.63
CH3CHOHCH3 (1.76) mode 12,1159.77,1159.86,1159.86,-0.09,-0.09
CH3CHOHCH3 (1.76) mode 13,1196.43,1195.75,1195.60,0.68,0.83
CH3CHOHCH3 (1.76) mode 14,1315.35,1315.21,1315.35,0.14,0.01
CH3CHOHCH3 (1.76) mode 15,1367.15,1367.46,1367.16,-0.31,-0.01
CH3CHOHCH3 (1.76) mode 16,1403.43,1403.04,1403.33,0.39,0.09
CH3CHOHCH3 (1.76) mode 17,1410.33,1410.53,1410.45,-0.19,-0.12
CH3CHOHCH3 (1.76) mode 18,1427.15,1426.99,1427.07,0.16,0.08
CH3CHOHCH3 (1.76) mode 19,1487.92,1487.85,1487.63,0.07,0.28
CH3CHOHCH3 (1.76) mode 20,1491.04,1490.75,1490.97,0.29,0.07
CH3CHOHCH3 (1.76) mode 21,1503.80,1504.00,1503.72,-0.19,0.09
CH3CHOHCH3 (1.76) mode 22,1511.47,1511.03,1511.30,0.43,0.17
CH3CHOHCH3 (1.76) mode 23,3024.63,3024.58,3024.59,0.05,0.04
CH3CHOHCH3 (1.76) mode 24,3028.61,3028.63,3028.58,-0.02,0.03
CH3CHOHCH3 (1.76) mode 25,3060.75,3060.69,3060.73,0.06,0.02
CH3CHOHCH3 (1.76) mode 26,3092.77,3092.78,3092.78,-0.01,-0.01
CH3CHOHCH3 (1.76) mode 27,3103.92,3103.89,3103.92,0.03,-0.00
CH3CHOHCH3 (1.76) mode 28,3121.53,3121.54,3121.52,-0.01,0.01
CH3CHOHCH3 (1.76) mode 29,3124.15,3124.17,3124.16,-0.02,-0.01
CH3CHOHCH3 (1.76) mode 30,3819.49,3819.48,3819.48,0.01,0.01
CH3CH2CH3 (1.77) mode 1,215.56,271.22,271.22,-55.66,-55.66
CH3CH2CH3 (1.77) mode 2,273.41,621.64,621.57,-348.23,-348.16
CH3CH2CH3 (1.77) mode 3,362.53,1134.77,1134.77,-772.24,-772.24
CH3CH2CH3 (1.77) mode 4,748.63,1135.20,1135.23,-386.57,-386.60
CH3CH2CH3 (1.77) mode 5,885.78,1227.63,1227.63,-341.85,-341.85
CH3CH2CH3 (1.77) mode 6,906.61,1268.37,1268.37,-361.76,-361.76
CH3CH2CH3 (1.77) mode 7,928.98,1282.41,1282.41,-353.43,-353.43
CH3CH2CH3 (1.77) mode 8,1074.04,1670.30,1401.19,-596.26,-327.15
CH3CH2CH3 (1.77) mode 9,1181.29,1720.34,1553.32,-539.05,-372.03
CH3CH2CH3 (1.77) mode 10,1217.54,1763.46,1670.30,-545.92,-452.76
CH3CH2CH3 (1.77) mode 11,1319.32,1840.86,1671.38,-521.55,-352.06
CH3CH2CH3 (1.77) mode 12,1367.14,1854.33,1720.34,-487.19,-353.20
CH3CH2CH3 (1.77) mode 13,1407.52,1861.20,1763.47,-453.68,-355.94
CH3CH2CH3 (1.77) mode 14,1420.81,1895.19,1854.33,-474.38,-433.52
CH3CH2CH3 (1.77) mode 15,1496.33,1977.37,1977.37,-481.05,-481.05
CH3CH2CH3 (1.77) mode 16,1496.59,2042.03,2042.03,-545.44,-545.44
CH3CH2CH3 (1.77) mode 17,1503.87,2042.64,2098.82,-538.77,-594.94
CH3CH2CH3 (1.77) mode 18,1513.81,2098.82,2130.39,-585.01,-616.58
CH3CH2CH3 (1.77) mode 19,1518.58,2107.32,2181.58,-588.74,-663.01
CH3CH2CH3 (1.77) mode 20,3026.70,2141.46,2248.90,885.24,777.80
CH3CH2CH3 (1.77) mode 21,3028.77,2181.58,2327.57,847.18,701.19
CH3CH2CH3 (1.77) mode 22,3033.74,2248.90,2365.98,784.84,667.76
CH3CH2CH3 (1.77) mode 23,3061.46,2317.39,2370.59,744.07,690.87
CH3CH2CH3 (1.77) mode 24,3093.71,2468.82,2468.82,624.88,624.88
CH3CH2CH3 (1.77) mode 25,3104.68,2537.90,2537.90,566.78,566.78
CH3CH2CH3 (1.77) mode 26,3105.03,2899.24,3012.66,205.79,92.37
CH3CH2CH3 (1.77) mode 27,3107.75,3054.43,3054.43,53.32,53.32
N_CH3x3 (1.79) mode 1,240.77,375.71,375.71,-134.94,-134.94
N_CH3x3 (1.79) mode 2,279.99,421.72,421.68,-141.73,-141.69
N_CH3x3 (1.79) mode 3,280.00,636.69,608.44,-356.70,-328.45
N_CH3x3 (1.79) mode 4,373.11,667.56,688.20,-294.45,-315.09
N_CH3x3 (1.79) mode 5,417.26,697.83,702.97,-280.56,-285.70
N_CH3x3 (1.79) mode 6,417.26,866.82,866.72,-449.56,-449.46
N_CH3x3 (1.79) mode 7,847.53,1089.89,1089.90,-242.36,-242.38
N_CH3x3 (1.79) mode 8,1063.58,1212.88,1212.88,-149.30,-149.30
N_CH3x3 (1.79) mode 9,1065.00,1227.47,1226.86,-162.47,-161.86
N_CH3x3 (1.79) mode 10,1065.00,1234.32,1227.54,-169.32,-162.54
N_CH3x3 (1.79) mode 11,1120.56,1507.47,1494.19,-386.92,-373.63
N_CH3x3 (1.79) mode 12,1120.56,1560.16,1507.48,-439.60,-386.92
N_CH3x3 (1.79) mode 13,1215.49,1637.40,1566.91,-421.91,-351.42
N_CH3x3 (1.79) mode 14,1309.86,1687.78,1637.38,-377.92,-327.52
N_CH3x3 (1.79) mode 15,1309.86,1703.15,1693.13,-393.28,-383.27
N_CH3x3 (1.79) mode 16,1436.74,1776.28,1703.13,-339.54,-266.39
N_CH3x3 (1.79) mode 17,1436.74,1796.35,1723.41,-359.61,-286.67
N_CH3x3 (1.79) mode 18,1478.58,1809.62,1756.92,-331.04,-278.34
N_CH3x3 (1.79) mode 19,1488.68,1812.46,1809.71,-323.78,-321.02
N_CH3x3 (1.79) mode 20,1488.69,1865.33,1855.68,-376.64,-367.00
N_CH3x3 (1.79) mode 21,1496.49,1872.95,1865.15,-376.46,-368.66
N_CH3x3 (1.79) mode 22,1508.19,2003.99,2067.08,-495.80,-558.89
N_CH3x3 (1.79) mode 23,1517.12,2095.01,2179.77,-577.89,-662.65
N_CH3x3 (1.79) mode 24,1517.13,2179.77,2245.52,-662.64,-728.39
N_CH3x3 (1.79) mode 25,2925.30,2227.82,2283.76,697.48,641.54
N_CH3x3 (1.79) mode 26,2925.30,2286.39,2297.52,638.92,627.78
N_CH3x3 (1.79) mode 27,2934.80,2393.62,2368.56,541.18,566.24
N_CH3x3 (1.79) mode 28,3068.49,2422.20,2423.03,646.29,645.46
N_CH3x3 (1.79) mode 29,3068.49,2431.74,2431.74,636.75,636.75
N_CH3x3 (1.79) mode 30,3071.93,2634.27,2647.97,437.66,423.96
N_CH3x3 (1.79) mode 31,3112.25,2906.57,2949.30,205.69,162.95
N_CH3x3 (1.79) mode 32,3116.44,2958.90,2958.98,157.54,157.45
N_CH3x3 (1.79) mode 33,3116.44,3007.58,3007.58,108.86,108.86
CH_CH3x3 (1.80) mode 1,200.11,200.35,200.26,-0.24,-0.15
CH_CH3x3 (1.80) mode 2,258.95,260.40,259.48,-1.44,-0.53
CH_CH3x3 (1.80) mode 3,258.97,260.48,261.42,-1.52,-2.46
CH_CH3x3 (1.80) mode 4,359.15,358.37,358.37,0.78,0.78
CH_CH3x3 (1.80) mode 5,359.15,359.11,359.14,0.04,0.01
CH_CH3x3 (1.80) mode 6,423.35,423.47,423.45,-0.12,-0.09
CH_CH3x3 (1.80) mode 7,808.93,808.98,808.99,-0.05,-0.06
CH_CH3x3 (1.80) mode 8,921.64,922.36,921.99,-0.72,-0.35
CH_CH3x3 (1.80) mode 9,921.64,922.93,923.30,-1.29,-1.66
CH_CH3x3 (1.80) mode 10,952.74,952.94,952.95,-0.20,-0.21
CH_CH3x3 (1.80) mode 11,984.82,984.69,984.57,0.13,0.25
CH_CH3x3 (1.80) mode 12,984.82,985.18,985.28,-0.36,-0.46
CH_CH3x3 (1.80) mode 13,1199.43,1199.10,1199.10,0.32,0.32
CH_CH3x3 (1.80) mode 14,1199.43,1199.55,1199.56,-0.12,-0.13
CH_CH3x3 (1.80) mode 15,1214.06,1214.15,1214.15,-0.09,-0.09
CH_CH3x3 (1.80) mode 16,1361.63,1363.67,1361.44,-2.04,0.18
CH_CH3x3 (1.80) mode 17,1361.63,1367.01,1364.75,-5.38,-3.12
CH_CH3x3 (1.80) mode 18,1401.34,1397.00,1398.41,4.34,2.93
CH_CH3x3 (1.80) mode 19,1401.34,1399.16,1402.13,2.18,-0.78
CH_CH3x3 (1.80) mode 20,1425.68,1425.64,1425.64,0.03,0.04
CH_CH3x3 (1.80) mode 21,1487.52,1487.54,1487.39,-0.02,0.13
CH_CH3x3 (1.80) mode 22,1493.96,1493.39,1493.52,0.57,0.45
CH_CH3x3 (1.80) mode 23,1493.96,1494.63,1493.87,-0.67,0.09
CH_CH3x3 (1.80) mode 24,1511.91,1510.38,1510.75,1.54,1.16
CH_CH3x3 (1.80) mode 25,1511.92,1511.34,1511.73,0.58,0.18
CH_CH3x3 (1.80) mode 26,1519.45,1519.45,1519.45,-0.00,0.00
CH_CH3x3 (1.80) mode 27,3019.98,3019.63,3019.69,0.34,0.29
CH_CH3x3 (1.80) mode 28,3019.98,3019.86,3019.84,0.12,0.14
CH_CH3x3 (1.80) mode 29,3020.64,3021.03,3020.99,-0.39,-0.36
CH_CH3x3 (1.80) mode 30,3024.99,3024.99,3024.99,0.01,0.01
CH_CH3x3 (1.80) mode 31,3092.85,3092.75,3092.85,0.09,-0.01
CH_CH3x3 (1.80) mode 32,3092.85,3093.03,3092.87,-0.19,-0.02
CH_CH3x3 (1.80) mode 33,3092.89,3093.33,3093.28,-0.44,-0.39
CH_CH3x3 (1.80) mode 34,3096.86,3096.01,3096.26,0.85,0.59
CH_CH3x3 (1.80) mode 35,3096.86,3096.40,3096.31,0.46,0.55
CH_CH3x3 (1.80) mode 36,3102.02,3102.72,3102.66,-0.71,-0.65
CH3CH2CH2CH3 (1.81) mode 1,115.69,268.19,258.81,-152.51,-143.12
CH3CH2CH2CH3 (1.81) mode 2,221.77,290.13,290.13,-68.36,-68.36
CH3CH2CH2CH3 (1.81) mode 3,253.43,347.81,347.81,-94.38,-94.38
CH3CH2CH2CH3 (1.81) mode 4,257.32,422.83,422.83,-165.50,-165.50
CH3CH2CH2CH3 (1.81) mode 5,422.71,848.97,848.97,-426.26,-426.25
CH3CH2CH2CH3 (1.81) mode 6,733.72,1083.63,1018.37,-349.91,-284.65
CH3CH2CH2CH3 (1.81) mode 7,807.44,1092.87,1083.63,-285.43,-276.19
CH3CH2CH2CH3 (1.81) mode 8,848.71,1175.15,1175.15,-326.43,-326.43
CH3CH2CH2CH3 (1.81) mode 9,957.85,1399.51,1399.51,-441.66,-441.66
CH3CH2CH2CH3 (1.81) mode 10,977.87,1410.86,1410.86,-432.99,-432.99
CH3CH2CH2CH3 (1.81) mode 11,1032.28,1412.60,1412.59,-380.32,-380.32
CH3CH2CH2CH3 (1.81) mode 12,1082.98,1436.52,1443.41,-353.54,-360.43
CH3CH2CH2CH3 (1.81) mode 13,1175.11,1443.41,1490.27,-268.30,-315.15
CH3CH2CH2CH3 (1.81) mode 14,1213.01,1490.66,1490.59,-277.65,-277.58
CH3CH2CH2CH3 (1.81) mode 15,1290.42,1511.09,1511.16,-220.67,-220.74
CH3CH2CH2CH3 (1.81) mode 16,1318.77,1519.42,1519.42,-200.66,-200.66
CH3CH2CH2CH3 (1.81) mode 17,1332.59,1592.11,1592.11,-259.51,-259.51
CH3CH2CH2CH3 (1.81) mode 18,1398.23,1724.31,1724.31,-326.08,-326.08
CH3CH2CH2CH3 (1.81) mode 19,1412.55,1726.15,1726.14,-313.60,-313.59
CH3CH2CH2CH3 (1.81) mode 20,1414.03,1747.33,1747.34,-333.31,-333.31
CH3CH2CH2CH3 (1.81) mode 21,1490.65,1782.43,1782.44,-291.78,-291.79
CH3CH2CH2CH3 (1.81) mode 22,1496.91,1850.53,1850.53,-353.61,-353.61
CH3CH2CH2CH3 (1.81) mode 23,1505.13,1895.04,1896.35,-389.91,-391.22
CH3CH2CH2CH3 (1.81) mode 24,1506.70,1899.35,1899.35,-392.65,-392.65
CH3CH2CH2CH3 (1.81) mode 25,1511.27,1926.78,1926.78,-415.51,-415.51
CH3CH2CH2CH3 (1.81) mode 26,1515.99,2015.91,2015.91,-499.92,-499.92
CH3CH2CH2CH3 (1.81) mode 27,3016.77,2152.30,2152.30,864.48,864.48
CH3CH2CH2CH3 (1.81) mode 28,3023.91,2233.61,2233.61,790.30,790.30
CH3CH2CH2CH3 (1.81) mode 29,3028.05,2257.60,2257.60,770.45,770.45
CH3CH2CH2CH3 (1.81) mode 30,3028.91,2273.21,2273.20,755.70,755.70
CH3CH2CH2CH3 (1.81) mode 31,3042.42,2554.51,2554.51,487.92,487.92
CH3CH2CH2CH3 (1.81) mode 32,3064.03,3016.79,3016.79,47.24,47.24
CH3CH2CH2CH3 (1.81) mode 33,3097.42,3027.98,3027.98,69.44,69.44
CH3CH2CH2CH3 (1.81) mode 34,3101.23,3028.83,3028.85,72.41,72.39
CH3CH2CH2CH3 (1.81) mode 35,3105.51,3040.81,3040.79,64.70,64.71
CH3CH2CH2CH3 (1.81) mode 36,3106.19,3105.51,3105.51,0.68,0.68
Furan (1.82) mode 1,603.17,770.97,753.92,-167.80,-150.75
Furan (1.82) mode 2,612.43,913.66,836.97,-301.22,-224.54
Furan (1.82) mode 3,731.42,974.35,974.34,-242.93,-242.92
Furan (1.82) mode 4,759.65,1183.44,1089.91,-423.79,-330.26
Furan (1.82) mode 5,844.41,1226.97,1174.78,-382.56,-330.36
Furan (1.82) mode 6,860.43,1263.46,1221.86,-403.03,-361.44
Furan (1.82) mode 7,877.52,1366.75,1226.93,-489.22,-349.40
Furan (1.82) mode 8,882.50,1423.11,1231.97,-540.61,-349.47
Furan (1.82) mode 9,1012.31,1479.08,1289.59,-466.77,-277.28
Furan (1.82) mode 10,1061.14,1540.56,1357.11,-479.42,-295.96
Furan (1.82) mode 11,1090.49,1679.06,1543.38,-588.57,-452.89
Furan (1.82) mode 12,1160.71,1709.99,1545.55,-549.29,-384.84
Furan (1.82) mode 13,1217.77,1725.36,1605.28,-507.59,-387.51
Furan (1.82) mode 14,1289.60,1842.51,1613.69,-552.91,-324.09
Furan (1.82) mode 15,1416.47,1863.54,1753.75,-447.07,-337.28
Furan (1.82) mode 16,1524.35,1877.51,1905.16,-353.16,-380.82
Furan (1.82) mode 17,1591.82,1943.19,2002.37,-351.38,-410.55
Furan (1.82) mode 18,3257.60,1969.77,2244.92,1287.83,1012.68
Furan (1.82) mode 19,3268.39,2570.62,2678.87,697.77,589.52
Furan (1.82) mode 20,3287.59,2575.51,2749.98,712.08,537.61
Furan (1.82) mode 21,3295.05,2677.28,3043.20,617.77,251.85
"1,3-Butadiene (1.83) mode 1",164.78,286.04,267.96,-121.25,-103.18
"1,3-Butadiene (1.83) mode 2",271.87,467.16,467.11,-195.29,-195.24
"1,3-Butadiene (1.83) mode 3",466.84,610.12,610.17,-143.28,-143.33
"1,3-Butadiene (1.83) mode 4",610.05,633.90,641.75,-23.84,-31.69
"1,3-Butadiene (1.83) mode 5",742.41,686.58,685.92,55.84,56.49
"1,3-Butadiene (1.83) mode 6",886.41,861.50,859.56,24.91,26.85
"1,3-Butadiene (1.83) mode 7",927.69,916.62,916.62,11.07,11.07
"1,3-Butadiene (1.83) mode 8",929.55,929.73,929.57,-0.18,-0.02
"1,3-Butadiene (1.83) mode 9",998.56,940.44,942.64,58.11,55.92
"1,3-Butadiene (1.83) mode 10",1017.20,1016.95,1017.15,0.25,0.05
"1,3-Butadiene (1.83) mode 11",1058.55,1044.39,1044.38,14.16,14.17
"1,3-Butadiene (1.83) mode 12",1098.92,1098.93,1098.93,-0.02,-0.01
"1,3-Butadiene (1.83) mode 13",1301.44,1301.57,1301.57,-0.13,-0.13
"1,3-Butadiene (1.83) mode 14",1333.34,1318.46,1318.46,14.88,14.88
"1,3-Butadiene (1.83) mode 15",1437.31,1437.42,1437.42,-0.11,-0.11
"1,3-Butadiene (1.83) mode 16",1468.45,1465.37,1465.36,3.07,3.09
"1,3-Butadiene (1.83) mode 17",1666.75,1665.84,1665.86,0.91,0.89
"1,3-Butadiene (1.83) mode 18",1674.83,1674.56,1674.56,0.26,0.26
"1,3-Butadiene (1.83) mode 19",3143.07,3143.51,3143.08,-0.45,-0.01
"1,3-Butadiene (1.83) mode 20",3145.60,3144.61,3145.04,0.99,0.56
"1,3-Butadiene (1.83) mode 21",3152.06,3151.96,3152.03,0.09,0.03
"1,3-Butadiene (1.83) mode 22",3164.73,3161.53,3161.34,3.20,3.39
"1,3-Butadiene (1.83) mode 23",3237.22,3235.67,3235.82,1.55,1.40
"1,3-Butadiene (1.83) mode 24",3238.88,3237.25,3237.21,1.63,1.66
Bicyclobutane (1.85) mode 1,413.18,413.99,413.25,-0.81,-0.07
Bicyclobutane (1.85) mode 2,664.94,664.61,665.07,0.33,-0.13
Bicyclobutane (1.85) mode 3,751.54,751.58,751.57,-0.05,-0.03
Bicyclobutane (1.85) mode 4,865.50,865.83,865.92,-0.33,-0.43
Bicyclobutane (1.85) mode 5,867.00,867.22,867.13,-0.22,-0.13
Bicyclobutane (1.85) mode 6,925.74,925.55,925.56,0.19,0.18
Bicyclobutane (1.85) mode 7,948.54,948.58,948.57,-0.04,-0.03
Bicyclobutane (1.85) mode 8,1003.90,1004.15,1004.15,-0.25,-0.25
Bicyclobutane (1.85) mode 9,1091.12,1091.09,1091.13,0.03,-0.01
Bicyclobutane (1.85) mode 10,1106.79,1106.92,1106.93,-0.13,-0.14
Bicyclobutane (1.85) mode 11,1109.26,1109.27,1109.22,-0.01,0.04
Bicyclobutane (1.85) mode 12,1145.12,1145.16,1145.10,-0.05,0.02
Bicyclobutane (1.85) mode 13,1172.20,1171.93,1172.00,0.27,0.20
Bicyclobutane (1.85) mode 14,1185.40,1185.23,1185.23,0.17,0.17
Bicyclobutane (1.85) mode 15,1290.37,1290.33,1290.33,0.04,0.04
Bicyclobutane (1.85) mode 16,1320.75,1320.90,1320.72,-0.14,0.03
Bicyclobutane (1.85) mode 17,1498.45,1498.29,1498.44,0.16,0.01
Bicyclobutane (1.85) mode 18,1533.54,1533.52,1533.50,0.02,0.04
Bicyclobutane (1.85) mode 19,3076.39,3076.37,3076.39,0.02,-0.00
Bicyclobutane (1.85) mode 20,3082.35,3082.35,3082.34,-0.00,0.01
Bicyclobutane (1.85) mode 21,3182.39,3182.41,3182.41,-0.02,-0.02
Bicyclobutane (1.85) mode 22,3184.18,3184.15,3184.15,0.03,0.03
Bicyclobutane (1.85) mode 23,3259.49,3259.48,3259.49,0.01,-0.00
Bicyclobutane (1.85) mode 24,3272.01,3271.98,3271.97,0.03,0.04
Cyclobutene (1.86) mode 1,302.28,810.95,810.95,-508.66,-508.66
Cyclobutene (1.86) mode 2,644.45,860.67,860.67,-216.22,-216.22
Cyclobutene (1.86) mode 3,856.43,1005.20,1005.20,-148.77,-148.77
Cyclobutene (1.86) mode 4,864.96,1081.03,1081.03,-216.07,-216.07
Cyclobutene (1.86) mode 5,895.58,1091.34,1091.34,-195.77,-195.77
Cyclobutene (1.86) mode 6,901.87,1110.24,1110.24,-208.37,-208.37
Cyclobutene (1.86) mode 7,916.36,1202.87,1202.87,-286.51,-286.51
Cyclobutene (1.86) mode 8,1002.35,1241.00,1241.00,-238.65,-238.65
Cyclobutene (1.86) mode 9,1029.84,1371.82,1286.43,-341.97,-256.58
Cyclobutene (1.86) mode 10,1099.90,1395.34,1371.85,-295.44,-271.94
Cyclobutene (1.86) mode 11,1134.81,1434.07,1412.58,-299.26,-277.77
Cyclobutene (1.86) mode 12,1176.53,1437.04,1436.99,-260.51,-260.46
Cyclobutene (1.86) mode 13,1219.17,1463.19,1463.15,-244.02,-243.98
Cyclobutene (1.86) mode 14,1232.80,1520.93,1520.93,-288.13,-288.13
Cyclobutene (1.86) mode 15,1323.48,1692.55,1710.57,-369.07,-387.09
Cyclobutene (1.86) mode 16,1470.95,1732.32,1732.32,-261.37,-261.37
Cyclobutene (1.86) mode 17,1493.88,1921.19,1921.19,-427.30,-427.30
Cyclobutene (1.86) mode 18,1604.92,1995.73,1995.73,-390.80,-390.80
Cyclobutene (1.86) mode 19,3052.18,2204.32,2204.32,847.86,847.86
Cyclobutene (1.86) mode 20,3058.21,2481.44,2481.44,576.77,576.77
Cyclobutene (1.86) mode 21,3097.01,2686.61,2686.61,410.40,410.40
Cyclobutene (1.86) mode 22,3111.42,2895.67,2895.67,215.75,215.75
Cyclobutene (1.86) mode 23,3181.94,3028.75,3076.59,153.19,105.35
Cyclobutene (1.86) mode 24,3213.66,3128.54,3128.54,85.12,85.12
CH2CH2CCH2 (1.87) mode 1,277.65,372.86,372.86,-95.21,-95.21
CH2CH2CCH2 (1.87) mode 2,349.27,615.81,615.81,-266.54,-266.54
CH2CH2CCH2 (1.87) mode 3,615.74,721.56,720.56,-105.81,-104.82
CH2CH2CCH2 (1.87) mode 4,737.67,808.00,808.00,-70.32,-70.32
CH2CH2CCH2 (1.87) mode 5,753.14,954.07,954.07,-200.93,-200.93
CH2CH2CCH2 (1.87) mode 6,907.70,1050.22,1050.17,-142.52,-142.47
CH2CH2CCH2 (1.87) mode 7,908.26,1058.15,1058.15,-149.89,-149.88
CH2CH2CCH2 (1.87) mode 8,953.99,1126.80,1126.79,-172.80,-172.80
CH2CH2CCH2 (1.87) mode 9,1041.01,1152.24,1152.29,-111.24,-111.29
CH2CH2CCH2 (1.87) mode 10,1055.32,1171.56,1171.56,-116.24,-116.24
CH2CH2CCH2 (1.87) mode 11,1072.85,1242.21,1242.21,-169.36,-169.36
CH2CH2CCH2 (1.87) mode 12,1097.51,1400.23,1400.23,-302.72,-302.72
CH2CH2CCH2 (1.87) mode 13,1147.39,1419.20,1419.20,-271.82,-271.82
CH2CH2CCH2 (1.87) mode 14,1171.65,1477.79,1475.05,-306.14,-303.40
CH2CH2CCH2 (1.87) mode 15,1450.53,1520.49,1477.79,-69.97,-27.27
CH2CH2CCH2 (1.87) mode 16,1455.65,1716.38,1531.57,-260.74,-75.92
CH2CH2CCH2 (1.87) mode 17,1493.03,1904.24,1716.38,-411.21,-223.35
CH2CH2CCH2 (1.87) mode 18,1819.35,1963.52,1963.51,-144.17,-144.17
CH2CH2CCH2 (1.87) mode 19,3126.92,2627.85,2628.12,499.07,498.80
CH2CH2CCH2 (1.87) mode 20,3130.33,2919.04,2936.64,211.30,193.69
CH2CH2CCH2 (1.87) mode 21,3139.91,2936.85,2949.10,203.06,190.81
CH2CH2CCH2 (1.87) mode 22,3207.30,2948.97,3100.40,258.33,106.90
CH2CH2CCH2 (1.87) mode 23,3219.40,3078.37,3130.76,141.03,88.64
CH2CH2CCH2 (1.87) mode 24,3225.95,3207.30,3207.30,18.65,18.65
Cyclobutane (1.88) mode 1,230.64,1083.65,1072.74,-853.02,-842.10
Cyclobutane (1.88) mode 2,620.26,1162.87,1106.04,-542.61,-485.78
Cyclobutane (1.88) mode 3,755.06,1162.90,1135.30,-407.84,-380.24
Cyclobutane (1.88) mode 4,755.06,1296.18,1174.55,-541.12,-419.49
Cyclobutane (1.88) mode 5,909.40,1304.14,1281.37,-394.74,-371.97
Cyclobutane (1.88) mode 6,916.90,1468.21,1454.69,-551.31,-537.79
Cyclobutane (1.88) mode 7,916.90,1583.16,1474.61,-666.26,-557.71
Cyclobutane (1.88) mode 8,942.94,1606.73,1491.47,-663.79,-548.53
Cyclobutane (1.88) mode 9,958.26,1633.01,1531.25,-674.76,-572.99
Cyclobutane (1.88) mode 10,1025.35,1650.18,1608.88,-624.84,-583.53
Cyclobutane (1.88) mode 11,1167.70,1701.48,1615.47,-533.79,-447.77
Cyclobutane (1.88) mode 12,1180.55,1729.48,1639.78,-548.93,-459.22
Cyclobutane (1.88) mode 13,1253.51,1751.99,1643.08,-498.48,-389.57
Cyclobutane (1.88) mode 14,1253.51,1759.06,1700.02,-505.55,-446.51
Cyclobutane (1.88) mode 15,1254.84,1785.76,1762.57,-530.91,-507.72
Cyclobutane (1.88) mode 16,1259.25,1821.93,1801.77,-562.68,-542.52
Cyclobutane (1.88) mode 17,1288.37,1848.65,1810.98,-560.28,-522.61
Cyclobutane (1.88) mode 18,1288.37,1856.92,1850.44,-568.55,-562.07
Cyclobutane (1.88) mode 19,1486.52,1888.85,1855.60,-402.33,-369.08
Cyclobutane (1.88) mode 20,1486.52,1971.08,1942.07,-484.56,-455.54
Cyclobutane (1.88) mode 21,1493.48,1995.01,1972.73,-501.54,-479.25
Cyclobutane (1.88) mode 22,1526.19,1999.34,2028.15,-473.15,-501.97
Cyclobutane (1.88) mode 23,3058.08,2107.05,2078.62,951.03,979.46
Cyclobutane (1.88) mode 24,3058.79,2164.19,2168.79,894.60,890.00
Cyclobutane (1.88) mode 25,3058.79,2243.30,2279.24,815.49,779.55
Cyclobutane (1.88) mode 26,3063.38,2279.33,2422.68,784.04,640.70
Cyclobutane (1.88) mode 27,3104.84,2364.43,2455.28,740.42,649.57
Cyclobutane (1.88) mode 28,3115.63,2376.61,2512.50,739.02,603.13
Cyclobutane (1.88) mode 29,3115.63,2489.02,2694.01,626.61,421.62
Cyclobutane (1.88) mode 30,3131.28,2660.95,2761.86,470.33,369.42
CH2C_CH3x2 (1.89) mode 1,161.02,562.34,514.56,-401.31,-353.54
CH2C_CH3x2 (1.89) mode 2,206.05,930.02,870.05,-723.97,-664.01
CH2C_CH3x2 (1.89) mode 3,368.49,970.55,918.18,-602.06,-549.69
CH2C_CH3x2 (1.89) mode 4,424.36,1056.97,974.65,-632.61,-550.29
CH2C_CH3x2 (1.89) mode 5,426.37,1074.03,1065.75,-647.66,-639.38
CH2C_CH3x2 (1.89) mode 6,702.97,1123.57,1087.31,-420.60,-384.34
CH2C_CH3x2 (1.89) mode 7,818.69,1343.73,1106.92,-525.04,-288.23
CH2C_CH3x2 (1.89) mode 8,905.25,1411.43,1252.16,-506.19,-346.92
CH2C_CH3x2 (1.89) mode 9,963.57,1552.25,1383.63,-588.68,-420.06
CH2C_CH3x2 (1.89) mode 10,988.25,1575.31,1402.71,-587.06,-414.46
CH2C_CH3x2 (1.89) mode 11,1019.76,1602.96,1486.84,-583.20,-467.08
CH2C_CH3x2 (1.89) mode 12,1081.39,1625.85,1519.39,-544.46,-438.00
CH2C_CH3x2 (1.89) mode 13,1103.26,1679.29,1575.85,-576.03,-472.59
CH2C_CH3x2 (1.89) mode 14,1305.99,1843.37,1614.58,-537.38,-308.59
CH2C_CH3x2 (1.89) mode 15,1410.43,1854.26,1629.25,-443.83,-218.82
CH2C_CH3x2 (1.89) mode 16,1414.34,1881.66,1650.26,-467.32,-235.92
CH2C_CH3x2 (1.89) mode 17,1447.53,1904.21,1774.29,-456.68,-326.76
CH2C_CH3x2 (1.89) mode 18,1478.41,1919.75,1785.15,-441.34,-306.74
CH2C_CH3x2 (1.89) mode 19,1491.26,1956.31,1952.05,-465.05,-460.80
CH2C_CH3x2 (1.89) mode 20,1495.10,1974.07,1995.36,-478.97,-500.26
CH2C_CH3x2 (1.89) mode 21,1506.87,2040.81,2141.23,-533.95,-634.36
CH2C_CH3x2 (1.89) mode 22,1710.58,2087.67,2145.47,-377.09,-434.90
CH2C_CH3x2 (1.89) mode 23,3020.52,2180.02,2277.56,840.50,742.97
CH2C_CH3x2 (1.89) mode 24,3024.21,2252.79,2422.37,771.42,601.84
CH2C_CH3x2 (1.89) mode 25,3077.66,2274.54,2423.11,803.11,654.55
CH2C_CH3x2 (1.89) mode 26,3079.75,2278.20,2484.22,801.55,595.53
CH2C_CH3x2 (1.89) mode 27,3119.46,2539.67,2669.08,579.79,450.38
CH2C_CH3x2 (1.89) mode 28,3121.46,2649.30,2762.75,472.16,358.70
CH2C_CH3x2 (1.89) mode 29,3140.78,2684.54,2772.72,456.24,368.06
CH2C_CH3x2 (1.89) mode 30,3226.12,2703.44,2972.49,522.67,253.62
CHCHCHCHNH (1.90) mode 1,441.88,567.83,567.81,-125.95,-125.93
CHCHCHCHNH (1.90) mode 2,615.62,615.75,615.74,-0.13,-0.13
CHCHCHCHNH (1.90) mode 3,634.23,637.94,637.94,-3.71,-3.72
CHCHCHCHNH (1.90) mode 4,689.51,689.64,689.64,-0.13,-0.13
CHCHCHCHNH (1.90) mode 5,732.17,699.39,699.39,32.78,32.78
CHCHCHCHNH (1.90) mode 6,825.18,771.99,771.99,53.19,53.19
CHCHCHCHNH (1.90) mode 7,854.80,854.59,854.60,0.21,0.20
CHCHCHCHNH (1.90) mode 8,868.69,1070.80,1070.80,-202.11,-202.11
CHCHCHCHNH (1.90) mode 9,889.60,1200.00,1155.40,-310.40,-265.80
CHCHCHCHNH (1.90) mode 10,1032.96,1217.63,1200.00,-184.67,-167.04
CHCHCHCHNH (1.90) mode 11,1065.99,1243.73,1217.63,-177.74,-151.65
CHCHCHCHNH (1.90) mode 12,1094.84,1261.66,1239.14,-166.82,-144.29
CHCHCHCHNH (1.90) mode 13,1159.51,1282.77,1261.67,-123.26,-102.16
CHCHCHCHNH (1.90) mode 14,1167.23,1402.42,1287.20,-235.19,-119.97
CHCHCHCHNH (1.90) mode 15,1310.43,1805.55,1393.93,-495.12,-83.50
CHCHCHCHNH (1.90) mode 16,1423.16,2049.94,1779.25,-626.78,-356.09
CHCHCHCHNH (1.90) mode 17,1465.60,2136.91,2195.48,-671.31,-729.88
CHCHCHCHNH (1.90) mode 18,1508.88,2190.07,2226.78,-681.19,-717.90
CHCHCHCHNH (1.90) mode 19,1572.76,2538.84,2638.57,-966.09,-1065.81
CHCHCHCHNH (1.90) mode 20,3246.88,2556.03,2732.17,690.85,514.71
CHCHCHCHNH (1.90) mode 21,3257.75,2638.56,2735.39,619.19,522.36
CHCHCHCHNH (1.90) mode 22,3272.13,2732.18,2840.09,539.94,432.04
CHCHCHCHNH (1.90) mode 23,3279.10,2906.42,2888.02,372.67,391.08
CHCHCHCHNH (1.90) mode 24,3700.44,3332.44,3348.40,368.00,352.04
CHCHCHCHCHN (1.91) mode 1,378.44,381.09,381.09,-2.65,-2.65
CHCHCHCHCHN (1.91) mode 2,409.22,463.86,463.86,-54.64,-54.64
CHCHCHCHCHN (1.91) mode 3,603.31,710.53,637.45,-107.22,-34.14
CHCHCHCHCHN (1.91) mode 4,656.98,717.83,717.83,-60.85,-60.85
CHCHCHCHCHN (1.91) mode 5,711.89,801.55,801.55,-89.66,-89.66
CHCHCHCHCHN (1.91) mode 6,753.17,849.46,849.41,-96.29,-96.24
CHCHCHCHCHN (1.91) mode 7,890.79,893.09,893.09,-2.29,-2.29
CHCHCHCHCHN (1.91) mode 8,953.64,928.09,928.09,25.55,25.55
CHCHCHCHCHN (1.91) mode 9,995.11,946.11,946.11,49.00,49.00
CHCHCHCHCHN (1.91) mode 10,996.87,959.37,959.37,37.50,37.50
CHCHCHCHCHN (1.91) mode 11,1001.24,1110.57,1110.56,-109.33,-109.32
CHCHCHCHCHN (1.91) mode 12,1043.14,1152.20,1194.18,-109.06,-151.04
CHCHCHCHCHN (1.91) mode 13,1071.35,1199.99,1199.99,-128.64,-128.64
CHCHCHCHCHN (1.91) mode 14,1087.86,1217.64,1217.68,-129.78,-129.82
CHCHCHCHCHN (1.91) mode 15,1158.82,1318.54,1276.20,-159.72,-117.38
CHCHCHCHCHN (1.91) mode 16,1236.72,1343.01,1343.01,-106.29,-106.28
CHCHCHCHCHN (1.91) mode 17,1266.95,1357.17,1345.91,-90.22,-78.97
CHCHCHCHCHN (1.91) mode 18,1379.21,1614.11,1357.16,-234.90,22.04
CHCHCHCHCHN (1.91) mode 19,1464.66,1673.86,1647.79,-209.20,-183.14
CHCHCHCHCHN (1.91) mode 20,1510.12,1703.18,1673.86,-193.07,-163.74
CHCHCHCHCHN (1.91) mode 21,1618.43,1778.05,1778.05,-159.62,-159.62
CHCHCHCHCHN (1.91) mode 22,1630.29,2249.66,2249.66,-619.36,-619.36
CHCHCHCHCHN (1.91) mode 23,3168.42,2253.53,2483.49,914.90,684.93
CHCHCHCHCHN (1.91) mode 24,3169.83,3024.77,2969.62,145.06,200.22
CHCHCHCHCHN (1.91) mode 25,3187.57,3092.58,3099.67,94.99,87.89
CHCHCHCHCHN (1.91) mode 26,3204.49,3099.67,3145.58,104.82,58.91
CHCHCHCHCHN (1.91) mode 27,3212.85,3192.72,3192.72,20.14,20.14
SO2 (1.92) mode 1,519.25,519.25,519.25,-0.00,0.00
SO2 (1.92) mode 2,1169.10,1169.10,1169.10,0.00,0.00
SO2 (1.92) mode 3,1388.91,1388.91,1388.91,0.00,0.00
H2S (1.93) mode 1,1209.65,1209.65,1209.65,-0.00,-0.00
H2S (1.93) mode 2,2722.07,2722.07,2722.07,0.00,0.00
H2S (1.93) mode 3,2736.76,2736.76,2736.76,0.00,-0.00
H2CSCH2 (1.96) mode 1,640.95,641.02,641.02,-0.07,-0.07
H2CSCH2 (1.96) mode 2,679.82,679.85,679.85,-0.03,-0.03
H2CSCH2 (1.96) mode 3,833.27,833.80,833.80,-0.53,-0.53
H2CSCH2 (1.96) mode 4,904.36,904.68,904.68,-0.31,-0.31
H2CSCH2 (1.96) mode 5,962.71,962.27,962.27,0.44,0.44
H2CSCH2 (1.96) mode 6,1048.53,1048.59,1048.59,-0.06,-0.06
H2CSCH2 (1.96) mode 7,1073.84,1073.88,1073.88,-0.04,-0.04
H2CSCH2 (1.96) mode 8,1139.93,1140.02,1140.02,-0.09,-0.09
H2CSCH2 (1.96) mode 9,1198.60,1198.39,1198.39,0.21,0.21
H2CSCH2 (1.96) mode 10,1477.31,1477.31,1477.31,0.01,0.00
H2CSCH2 (1.96) mode 11,1502.57,1502.52,1502.51,0.05,0.06
H2CSCH2 (1.96) mode 12,3139.04,3139.03,3139.03,0.01,0.01
H2CSCH2 (1.96) mode 13,3142.69,3142.65,3142.66,0.03,0.03
H2CSCH2 (1.96) mode 14,3224.34,3224.33,3224.33,0.01,0.01
H2CSCH2 (1.96) mode 15,3238.02,3238.01,3238.01,0.01,0.01
H3CSCH3 (1.97) mode 1,174.71,174.85,174.85,-0.14,-0.14
H3CSCH3 (1.97) mode 2,186.14,186.21,186.22,-0.07,-0.08
H3CSCH3 (1.97) mode 3,262.33,262.36,262.36,-0.03,-0.03
H3CSCH3 (1.97) mode 4,708.45,708.57,708.57,-0.12,-0.12
H3CSCH3 (1.97) mode 5,762.13,762.29,762.29,-0.16,-0.15
H3CSCH3 (1.97) mode 6,911.61,911.80,911.80,-0.19,-0.19
H3CSCH3 (1.97) mode 7,953.94,954.02,954.02,-0.08,-0.08
H3CSCH3 (1.97) mode 8,990.25,990.32,990.32,-0.07,-0.07
H3CSCH3 (1.97) mode 9,1050.49,1050.63,1050.63,-0.14,-0.14
H3CSCH3 (1.97) mode 10,1343.74,1343.76,1343.76,-0.02,-0.02
H3CSCH3 (1.97) mode 11,1368.13,1368.15,1368.15,-0.02,-0.02
H3CSCH3 (1.97) mode 12,1469.61,1469.59,1469.59,0.02,0.02
H3CSCH3 (1.97) mode 13,1478.62,1478.60,1478.60,0.02,0.02
H3CSCH3 (1.97) mode 14,1486.48,1486.37,1486.37,0.11,0.11
H3CSCH3 (1.97) mode 15,1494.03,1493.95,1493.95,0.07,0.07
H3CSCH3 (1.97) mode 16,3034.90,3034.87,3034.87,0.03,0.03
H3CSCH3 (1.97) mode 17,3038.72,3038.69,3038.69,0.03,0.03
H3CSCH3 (1.97) mode 18,3113.45,3113.43,3113.43,0.02,0.02
H3CSCH3 (1.97) mode 19,3120.93,3120.91,3120.91,0.02,0.02
H3CSCH3 (1.97) mode 20,3138.71,3138.69,3138.69,0.02,0.02
H3CSCH3 (1.97) mode 21,3139.38,3139.36,3139.36,0.02,0.02
EtSH (1.98) mode 1,177.40,915.25,786.62,-737.86,-609.22
EtSH (1.98) mode 2,252.94,979.21,978.17,-726.27,-725.24
EtSH (1.98) mode 3,301.94,1196.68,989.50,-894.74,-687.56
EtSH (1.98) mode 4,687.08,1247.86,1143.28,-560.78,-456.20
EtSH (1.98) mode 5,789.89,1384.64,1284.95,-594.75,-495.06
EtSH (1.98) mode 6,863.95,1567.02,1352.14,-703.07,-488.20
EtSH (1.98) mode 7,1001.77,1599.34,1385.89,-597.56,-384.12
EtSH (1.98) mode 8,1046.64,1693.69,1446.13,-647.04,-399.49
EtSH (1.98) mode 9,1116.09,1744.15,1631.26,-628.06,-515.18
EtSH (1.98) mode 10,1271.87,1794.81,1735.09,-522.94,-463.23
EtSH (1.98) mode 11,1302.20,1852.41,1861.13,-550.22,-558.94
EtSH (1.98) mode 12,1413.61,1919.13,1870.39,-505.52,-456.78
EtSH (1.98) mode 13,1496.40,2006.14,2009.34,-509.74,-512.95
EtSH (1.98) mode 14,1500.20,2018.71,2046.72,-518.51,-546.51
EtSH (1.98) mode 15,1510.01,2043.58,2075.20,-533.56,-565.19
EtSH (1.98) mode 16,2709.33,2071.07,2083.17,638.27,626.16
EtSH (1.98) mode 17,3040.58,2213.86,2294.37,826.72,746.22
EtSH (1.98) mode 18,3068.16,2216.85,2417.94,851.31,650.22
EtSH (1.98) mode 19,3107.06,2278.33,2548.05,828.74,559.01
EtSH (1.98) mode 20,3118.15,2526.17,2620.42,591.99,497.73
EtSH (1.98) mode 21,3129.76,2590.39,2701.36,539.37,428.40
DMSO (1.99) mode 1,179.27,179.38,179.38,-0.11,-0.11
DMSO (1.99) mode 2,238.88,239.33,239.00,-0.45,-0.12
DMSO (1.99) mode 3,290.44,290.46,290.73,-0.02,-0.29
DMSO (1.99) mode 4,314.56,314.59,314.59,-0.03,-0.03
DMSO (1.99) mode 5,368.56,368.38,368.38,0.19,0.19
DMSO (1.99) mode 6,669.27,669.38,669.38,-0.11,-0.11
DMSO (1.99) mode 7,693.75,693.91,693.89,-0.16,-0.14
DMSO (1.99) mode 8,886.07,886.52,886.35,-0.45,-0.28
DMSO (1.99) mode 9,924.12,924.04,924.21,0.09,-0.09
DMSO (1.99) mode 10,955.70,955.89,955.80,-0.19,-0.10
DMSO (1.99) mode 11,1024.64,1024.84,1024.90,-0.20,-0.26
DMSO (1.99) mode 12,1134.06,1134.06,1134.07,0.00,-0.01
DMSO (1.99) mode 13,1315.06,1315.21,1315.21,-0.15,-0.15
DMSO (1.99) mode 14,1337.37,1337.54,1337.54,-0.16,-0.16
DMSO (1.99) mode 15,1446.99,1446.86,1446.85,0.13,0.13
DMSO (1.99) mode 16,1460.90,1460.71,1460.74,0.19,0.16
DMSO (1.99) mode 17,1463.94,1463.86,1463.83,0.09,0.11
DMSO (1.99) mode 18,1482.86,1482.75,1482.75,0.10,0.10
DMSO (1.99) mode 19,3039.48,3039.42,3039.42,0.06,0.06
DMSO (1.99) mode 20,3041.26,3041.20,3041.20,0.06,0.06
DMSO (1.99) mode 21,3141.10,3141.11,3141.11,-0.01,-0.01
DMSO (1.99) mode 22,3145.65,3145.65,3145.67,0.01,-0.02
DMSO (1.99) mode 23,3152.29,3152.24,3152.21,0.05,0.08
DMSO (1.99) mode 24,3153.52,3153.50,3153.51,0.02,0.02
CHCHCHCHS (1.100) mode 1,453.25,453.26,453.26,-0.01,-0.01
CHCHCHCHS (1.100) mode 2,565.53,565.68,565.68,-0.16,-0.16
CHCHCHCHS (1.100) mode 3,609.94,688.17,688.16,-78.23,-78.23
CHCHCHCHS (1.100) mode 4,688.05,725.96,725.96,-37.90,-37.91
CHCHCHCHS (1.100) mode 5,725.76,785.53,785.52,-59.77,-59.76
CHCHCHCHS (1.100) mode 6,758.88,876.07,875.34,-117.20,-116.46
CHCHCHCHS (1.100) mode 7,845.49,891.74,891.74,-46.25,-46.25
CHCHCHCHS (1.100) mode 8,875.51,902.40,902.41,-26.89,-26.89
CHCHCHCHS (1.100) mode 9,878.28,1021.15,1021.15,-142.87,-142.87
CHCHCHCHS (1.100) mode 10,902.59,1070.36,1070.95,-167.77,-168.36
CHCHCHCHS (1.100) mode 11,1051.60,1073.40,1073.40,-21.80,-21.80
CHCHCHCHS (1.100) mode 12,1098.26,1229.85,1229.85,-131.59,-131.59
CHCHCHCHS (1.100) mode 13,1100.85,1269.69,1243.58,-168.83,-142.73
CHCHCHCHS (1.100) mode 14,1278.90,1278.97,1278.97,-0.08,-0.08
CHCHCHCHS (1.100) mode 15,1396.08,1392.41,1392.41,3.67,3.67
CHCHCHCHS (1.100) mode 16,1442.59,1426.84,1426.84,15.75,15.75
CHCHCHCHS (1.100) mode 17,1545.40,2312.05,2132.99,-766.66,-587.60
CHCHCHCHS (1.100) mode 18,3213.82,2640.17,2652.57,573.65,561.25
CHCHCHCHS (1.100) mode 19,3227.81,3101.43,3192.74,126.38,35.07
CHCHCHCHS (1.100) mode 20,3256.05,3202.59,3219.70,53.46,36.35
CHCHCHCHS (1.100) mode 21,3259.29,3209.90,3227.20,49.39,32.10
CH3OH (1.101) mode 1,304.11,304.29,304.29,-0.19,-0.19
CH3OH (1.101) mode 2,1065.02,1179.77,1179.76,-114.75,-114.75
CH3OH (1.101) mode 3,1095.54,1374.31,1307.37,-278.77,-211.83
CH3OH (1.101) mode 4,1179.62,1507.54,1489.21,-327.92,-309.59
CH3OH (1.101) mode 5,1393.88,1653.02,1507.55,-259.13,-113.67
CH3OH (1.101) mode 6,1487.64,1696.98,1592.23,-209.34,-104.59
CH3OH (1.101) mode 7,1507.67,2110.17,2152.28,-602.50,-644.61
CH3OH (1.101) mode 8,1523.24,2268.05,2286.62,-744.81,-763.39
CH3OH (1.101) mode 9,3009.29,2318.10,2378.80,691.19,630.48
CH3OH (1.101) mode 10,3064.49,2984.60,3008.80,79.89,55.69
CH3OH (1.101) mode 11,3128.10,3064.50,3064.48,63.61,63.63
CH3OH (1.101) mode 12,3864.98,3348.19,3399.26,516.79,465.72
Propene (1.102) mode 1,199.43,596.02,596.02,-396.58,-396.58
Propene (1.102) mode 2,418.07,678.02,678.02,-259.94,-259.94
Propene (1.102) mode 3,582.65,1001.76,1001.75,-419.12,-419.11
Propene (1.102) mode 4,925.24,1059.47,1049.22,-134.23,-123.99
Propene (1.102) mode 5,930.94,1152.46,1152.46,-221.52,-221.52
Propene (1.102) mode 6,942.38,1318.49,1318.50,-376.11,-376.12
Propene (1.102) mode 7,1014.26,1353.72,1353.72,-339.46,-339.46
Propene (1.102) mode 8,1067.99,1377.68,1377.68,-309.68,-309.68
Propene (1.102) mode 9,1191.64,1474.56,1446.55,-282.92,-254.91
Propene (1.102) mode 10,1320.29,1495.33,1474.56,-175.04,-154.27
Propene (1.102) mode 11,1408.10,1572.39,1579.24,-164.29,-171.14
Propene (1.102) mode 12,1455.83,1821.76,1821.76,-365.93,-365.93
Propene (1.102) mode 13,1488.14,1864.45,1864.43,-376.30,-376.29
Propene (1.102) mode 14,1501.66,2196.87,2196.87,-695.22,-695.22
Propene (1.102) mode 15,1696.39,2238.87,2239.85,-542.48,-543.46
Propene (1.102) mode 16,3029.48,2375.36,2315.30,654.12,714.18
Propene (1.102) mode 17,3089.80,2548.21,2365.50,541.59,724.30
Propene (1.102) mode 18,3113.17,2588.65,2751.03,524.53,362.14
Propene (1.102) mode 19,3138.19,2893.57,2901.09,244.61,237.09
Propene (1.102) mode 20,3151.66,2927.04,2988.65,224.62,163.01
Propene (1.102) mode 21,3230.27,3089.90,3096.92,140.37,133.35
H2COCH2 (1.103) mode 1,816.26,816.37,816.37,-0.10,-0.11
H2COCH2 (1.103) mode 2,849.93,850.17,850.16,-0.24,-0.23
H2COCH2 (1.103) mode 3,899.68,899.71,899.71,-0.03,-0.03
H2COCH2 (1.103) mode 4,1052.00,1052.04,1052.04,-0.04,-0.04
H2COCH2 (1.103) mode 5,1156.67,1156.73,1156.71,-0.06,-0.05
H2COCH2 (1.103) mode 6,1157.92,1158.29,1158.30,-0.37,-0.38
H2COCH2 (1.103) mode 7,1175.07,1174.99,1174.99,0.07,0.07
H2COCH2 (1.103) mode 8,1176.57,1176.57,1176.57,0.01,0.01
H2COCH2 (1.103) mode 9,1300.14,1299.87,1299.86,0.27,0.27
H2COCH2 (1.103) mode 10,1513.26,1513.14,1513.14,0.12,0.12
H2COCH2 (1.103) mode 11,1549.96,1549.95,1549.95,0.01,0.01
H2COCH2 (1.103) mode 12,3109.14,3109.10,3109.11,0.03,0.03
H2COCH2 (1.103) mode 13,3117.42,3117.39,3117.39,0.02,0.03
H2COCH2 (1.103) mode 14,3196.11,3196.11,3196.11,0.00,0.00
H2COCH2 (1.103) mode 15,3210.77,3210.76,3210.76,0.00,0.00
