Molecule,Ref (CCSD_T_TZ),"Red (B3LYP_6-31G_2df,p_)","Ref - Red (B3LYP_6-31G_2df,p_)"
Cyclopropane (1.1) mode 1,740.85,740.99,-0.14
Cyclopropane (1.1) mode 2,740.85,741.03,-0.18
Cyclopropane (1.1) mode 3,857.68,857.68,0.01
Cyclopropane (1.1) mode 4,891.96,892.05,-0.09
Cyclopropane (1.1) mode 5,891.96,892.10,-0.14
Cyclopropane (1.1) mode 6,1060.52,1060.43,0.10
Cyclopropane (1.1) mode 7,1060.52,1060.51,0.01
Cyclopropane (1.1) mode 8,1088.57,1088.64,-0.07
Cyclopropane (1.1) mode 9,1160.87,1160.77,0.10
Cyclopropane (1.1) mode 10,1214.39,1214.50,-0.11
Cyclopropane (1.1) mode 11,1217.35,1217.26,0.09
Cyclopropane (1.1) mode 12,1217.35,1217.33,0.02
Cyclopropane (1.1) mode 13,1478.32,1478.30,0.02
Cyclopropane (1.1) mode 14,1478.32,1478.32,-0.00
Cyclopropane (1.1) mode 15,1528.61,1528.58,0.03
Cyclopropane (1.1) mode 16,3146.29,3146.27,0.02
Cyclopropane (1.1) mode 17,3146.29,3146.28,0.01
Cyclopropane (1.1) mode 18,3156.95,3156.93,0.02
Cyclopropane (1.1) mode 19,3228.73,3228.69,0.04
Cyclopropane (1.1) mode 20,3228.73,3228.73,-0.00
Cyclopropane (1.1) mode 21,3248.62,3248.66,-0.03
CH4 (1.2) mode 1,1343.99,1343.99,-0.00
CH4 (1.2) mode 2,1343.99,1343.99,-0.00
CH4 (1.2) mode 3,1343.99,1343.99,-0.00
CH4 (1.2) mode 4,1570.80,1570.80,0.00
CH4 (1.2) mode 5,1570.80,1570.80,-0.00
CH4 (1.2) mode 6,3034.66,3034.64,0.02
CH4 (1.2) mode 7,3153.78,3153.78,0.00
CH4 (1.2) mode 8,3153.78,3153.78,0.00
CH4 (1.2) mode 9,3153.78,3153.80,-0.02
NH3 (1.3) mode 1,1109.21,1109.22,-0.01
NH3 (1.3) mode 2,1687.93,1687.94,-0.01
NH3 (1.3) mode 3,1687.93,1687.96,-0.03
NH3 (1.3) mode 4,3471.91,3471.91,0.00
NH3 (1.3) mode 5,3597.54,3597.52,0.02
NH3 (1.3) mode 6,3597.54,3597.53,0.00
SiH4 (1.6) mode 1,933.79,933.80,-0.01
SiH4 (1.6) mode 2,933.79,933.80,-0.01
SiH4 (1.6) mode 3,933.81,933.81,-0.00
SiH4 (1.6) mode 4,985.48,985.47,0.01
SiH4 (1.6) mode 5,985.49,985.48,0.01
SiH4 (1.6) mode 6,2250.62,2250.05,0.57
SiH4 (1.6) mode 7,2255.35,2255.35,-0.00
SiH4 (1.6) mode 8,2255.36,2255.36,0.00
SiH4 (1.6) mode 9,2255.36,2255.93,-0.57
Benzene (1.7) mode 1,401.34,401.57,-0.23
Benzene (1.7) mode 2,401.34,401.89,-0.55
Benzene (1.7) mode 3,607.13,607.15,-0.02
Benzene (1.7) mode 4,607.13,607.20,-0.06
Benzene (1.7) mode 5,674.67,678.51,-3.84
Benzene (1.7) mode 6,685.29,685.25,0.04
Benzene (1.7) mode 7,856.44,856.52,-0.08
Benzene (1.7) mode 8,856.44,856.76,-0.32
Benzene (1.7) mode 9,959.08,958.77,0.31
Benzene (1.7) mode 10,959.08,958.94,0.14
Benzene (1.7) mode 11,966.66,963.75,2.91
Benzene (1.7) mode 12,1004.54,1004.78,-0.24
Benzene (1.7) mode 13,1010.33,1010.36,-0.03
Benzene (1.7) mode 14,1054.36,1054.42,-0.06
Benzene (1.7) mode 15,1054.36,1054.46,-0.10
Benzene (1.7) mode 16,1158.88,1159.62,-0.74
Benzene (1.7) mode 17,1190.57,1190.57,-0.00
Benzene (1.7) mode 18,1190.57,1190.59,-0.02
Benzene (1.7) mode 19,1328.17,1327.54,0.64
Benzene (1.7) mode 20,1370.18,1370.08,0.10
Benzene (1.7) mode 21,1506.94,1506.90,0.05
Benzene (1.7) mode 22,1506.94,1506.97,-0.03
Benzene (1.7) mode 23,1637.23,1637.26,-0.02
Benzene (1.7) mode 24,1637.23,1637.27,-0.04
Benzene (1.7) mode 25,3169.39,3169.27,0.12
Benzene (1.7) mode 26,3180.74,3180.74,-0.01
Benzene (1.7) mode 27,3180.74,3180.84,-0.10
Benzene (1.7) mode 28,3198.33,3198.25,0.09
Benzene (1.7) mode 29,3198.33,3198.31,0.02
Benzene (1.7) mode 30,3209.15,3209.18,-0.03
CH2CCH2 (1.8) mode 1,575.68,1457.24,-881.56
CH2CCH2 (1.8) mode 2,791.69,1483.29,-691.60
CH2CCH2 (1.8) mode 3,824.74,1513.18,-688.44
CH2CCH2 (1.8) mode 4,927.46,1540.47,-613.02
CH2CCH2 (1.8) mode 5,1020.59,1600.00,-579.41
CH2CCH2 (1.8) mode 6,1042.08,1630.38,-588.29
CH2CCH2 (1.8) mode 7,1074.23,1655.67,-581.44
CH2CCH2 (1.8) mode 8,1108.96,1701.44,-592.48
CH2CCH2 (1.8) mode 9,1158.16,1970.92,-812.76
CH2CCH2 (1.8) mode 10,1524.77,2078.26,-553.49
CH2CCH2 (1.8) mode 11,1682.96,2084.00,-401.05
CH2CCH2 (1.8) mode 12,3071.86,2137.20,934.66
CH2CCH2 (1.8) mode 13,3143.03,2145.82,997.20
CH2CCH2 (1.8) mode 14,3264.57,2318.17,946.40
CH2CCH2 (1.8) mode 15,3310.75,2740.12,570.62
Spiropentane (1.10) mode 1,293.06,598.49,-305.43
Spiropentane (1.10) mode 2,297.15,722.80,-425.65
Spiropentane (1.10) mode 3,297.15,931.15,-634.00
Spiropentane (1.10) mode 4,598.43,961.56,-363.13
Spiropentane (1.10) mode 5,786.27,965.04,-178.78
Spiropentane (1.10) mode 6,786.27,1019.81,-233.54
Spiropentane (1.10) mode 7,840.13,1054.93,-214.81
Spiropentane (1.10) mode 8,897.42,1058.53,-161.10
Spiropentane (1.10) mode 9,897.42,1075.65,-178.23
Spiropentane (1.10) mode 10,900.83,1090.54,-189.71
Spiropentane (1.10) mode 11,1019.25,1127.21,-107.97
Spiropentane (1.10) mode 12,1027.32,1183.42,-156.10
Spiropentane (1.10) mode 13,1054.41,1306.65,-252.25
Spiropentane (1.10) mode 14,1076.02,1439.70,-363.68
Spiropentane (1.10) mode 15,1077.33,1501.41,-424.07
Spiropentane (1.10) mode 16,1077.33,1533.56,-456.22
Spiropentane (1.10) mode 17,1173.46,1544.48,-371.01
Spiropentane (1.10) mode 18,1183.50,1565.19,-381.68
Spiropentane (1.10) mode 19,1189.88,1570.03,-380.14
Spiropentane (1.10) mode 20,1189.88,1577.48,-387.59
Spiropentane (1.10) mode 21,1439.26,1596.26,-157.01
Spiropentane (1.10) mode 22,1468.81,1730.40,-261.59
Spiropentane (1.10) mode 23,1468.81,1930.12,-461.31
Spiropentane (1.10) mode 24,1501.43,1948.70,-447.27
Spiropentane (1.10) mode 25,1596.21,2000.89,-404.68
Spiropentane (1.10) mode 26,3130.04,2210.17,919.87
Spiropentane (1.10) mode 27,3130.04,2324.40,805.65
Spiropentane (1.10) mode 28,3134.85,2427.08,707.77
Spiropentane (1.10) mode 29,3135.93,2854.66,281.27
Spiropentane (1.10) mode 30,3212.32,2912.38,299.94
Spiropentane (1.10) mode 31,3213.22,3093.06,120.17
Spiropentane (1.10) mode 32,3225.32,3134.84,90.49
Spiropentane (1.10) mode 33,3225.32,3135.57,89.75
AlCl3 (1.11) mode 1,147.27,147.28,-0.01
AlCl3 (1.11) mode 2,147.29,147.54,-0.25
AlCl3 (1.11) mode 3,207.49,207.49,-0.00
AlCl3 (1.11) mode 4,388.75,388.75,-0.00
AlCl3 (1.11) mode 5,628.44,628.38,0.06
AlCl3 (1.11) mode 6,628.44,628.44,0.00
AlF3 (1.12) mode 1,244.84,244.89,-0.05
AlF3 (1.12) mode 2,244.99,245.01,-0.02
AlF3 (1.12) mode 3,301.32,301.32,-0.00
AlF3 (1.12) mode 4,695.29,695.29,0.00
AlF3 (1.12) mode 5,962.28,962.26,0.01
AlF3 (1.12) mode 6,962.29,962.28,0.00
BCl3 (1.13) mode 1,257.16,257.17,-0.01
BCl3 (1.13) mode 2,257.22,257.23,-0.00
BCl3 (1.13) mode 3,462.52,462.52,0.00
BCl3 (1.13) mode 4,476.79,476.79,-0.00
BCl3 (1.13) mode 5,972.61,972.61,0.00
BCl3 (1.13) mode 6,972.62,972.62,0.00
BF3 (1.14) mode 1,483.70,483.88,-0.18
BF3 (1.14) mode 2,483.70,483.88,-0.18
BF3 (1.14) mode 3,700.10,700.10,0.00
BF3 (1.14) mode 4,899.30,899.30,-0.00
BF3 (1.14) mode 5,1493.14,1493.08,0.06
BF3 (1.14) mode 6,1493.14,1493.08,0.06
CCl4 (1.15) mode 1,218.41,218.47,-0.06
CCl4 (1.15) mode 2,218.44,218.49,-0.05
CCl4 (1.15) mode 3,316.69,316.93,-0.24
CCl4 (1.15) mode 4,316.70,317.17,-0.46
CCl4 (1.15) mode 5,316.79,317.32,-0.53
CCl4 (1.15) mode 6,463.23,463.23,-0.00
CCl4 (1.15) mode 7,802.54,802.16,0.38
CCl4 (1.15) mode 8,802.56,802.46,0.10
CCl4 (1.15) mode 9,802.56,802.55,0.01
CF4 (1.16) mode 1,440.04,440.04,-0.00
CF4 (1.16) mode 2,440.04,440.06,-0.02
CF4 (1.16) mode 3,638.99,638.98,0.01
CF4 (1.16) mode 4,638.99,638.99,-0.00
CF4 (1.16) mode 5,638.99,639.00,-0.00
CF4 (1.16) mode 6,923.21,923.21,-0.00
CF4 (1.16) mode 7,1323.00,1323.00,0.00
CF4 (1.16) mode 8,1323.00,1323.00,0.00
CF4 (1.16) mode 9,1323.00,1323.00,0.00
CH2Cl2 (1.17) mode 1,284.60,284.62,-0.02
CH2Cl2 (1.17) mode 2,723.57,723.58,-0.02
CH2Cl2 (1.17) mode 3,776.83,777.00,-0.17
CH2Cl2 (1.17) mode 4,906.97,907.01,-0.05
CH2Cl2 (1.17) mode 5,1180.95,1180.95,0.00
CH2Cl2 (1.17) mode 6,1293.06,1292.96,0.10
CH2Cl2 (1.17) mode 7,1474.48,1474.50,-0.02
CH2Cl2 (1.17) mode 8,3127.54,3127.53,0.02
CH2Cl2 (1.17) mode 9,3202.53,3202.52,0.01
CH2F2 (1.18) mode 1,536.99,579.64,-42.65
CH2F2 (1.18) mode 2,1141.59,1142.19,-0.60
CH2F2 (1.18) mode 3,1142.17,1177.63,-35.46
CH2F2 (1.18) mode 4,1202.57,1202.61,-0.05
CH2F2 (1.18) mode 5,1292.33,1292.33,-0.00
CH2F2 (1.18) mode 6,1482.31,1482.29,0.02
CH2F2 (1.18) mode 7,1556.46,1550.21,6.25
CH2F2 (1.18) mode 8,3075.76,3057.52,18.24
CH2F2 (1.18) mode 9,3148.01,3148.01,0.00
CH2O2 (1.19) mode 1,629.41,629.44,-0.04
CH2O2 (1.19) mode 2,675.64,675.64,-0.00
CH2O2 (1.19) mode 3,1061.21,1061.20,0.00
CH2O2 (1.19) mode 4,1137.12,1137.27,-0.15
CH2O2 (1.19) mode 5,1326.19,1326.26,-0.06
CH2O2 (1.19) mode 6,1415.80,1415.88,-0.08
CH2O2 (1.19) mode 7,1824.55,1824.42,0.13
CH2O2 (1.19) mode 8,3089.21,3089.18,0.03
CH2O2 (1.19) mode 9,3764.00,3763.99,0.01
CH2O (1.20) mode 1,1192.19,1192.19,-0.00
CH2O (1.20) mode 2,1274.88,1274.89,-0.01
CH2O (1.20) mode 3,1543.21,1543.59,-0.38
CH2O (1.20) mode 4,1780.76,1780.50,0.26
CH2O (1.20) mode 5,2929.23,2929.18,0.04
CH2O (1.20) mode 6,2995.85,2995.84,0.01
CH2 (1.21) mode 1,1406.59,1406.59,-0.00
CH2 (1.21) mode 2,2912.05,2912.05,0.00
CH2 (1.21) mode 3,2983.12,2983.13,-0.00
CH3Cl (1.22) mode 1,746.24,746.33,-0.09
CH3Cl (1.22) mode 2,1031.74,1031.80,-0.06
CH3Cl (1.22) mode 3,1031.75,1031.81,-0.06
CH3Cl (1.22) mode 4,1385.57,1385.56,0.01
CH3Cl (1.22) mode 5,1493.13,1493.11,0.02
CH3Cl (1.22) mode 6,1493.13,1493.11,0.02
CH3Cl (1.22) mode 7,3078.66,3078.64,0.02
CH3Cl (1.22) mode 8,3179.26,3179.25,0.01
CH3Cl (1.22) mode 9,3179.27,3179.26,0.01
CH3SH (1.23) mode 1,237.57,237.60,-0.02
CH3SH (1.23) mode 2,720.90,721.07,-0.17
CH3SH (1.23) mode 3,799.89,799.92,-0.03
CH3SH (1.23) mode 4,976.28,976.35,-0.07
CH3SH (1.23) mode 5,1099.81,1099.89,-0.07
CH3SH (1.23) mode 6,1362.14,1362.14,0.01
CH3SH (1.23) mode 7,1482.93,1482.92,0.02
CH3SH (1.23) mode 8,1497.03,1496.98,0.05
CH3SH (1.23) mode 9,2712.64,2712.62,0.01
CH3SH (1.23) mode 10,3059.91,3059.90,0.02
CH3SH (1.23) mode 11,3150.01,3149.99,0.02
CH3SH (1.23) mode 12,3151.27,3151.25,0.01
CHCl3 (1.24) mode 1,261.66,261.71,-0.05
CHCl3 (1.24) mode 2,261.72,261.80,-0.08
CHCl3 (1.24) mode 3,368.48,368.51,-0.02
CHCl3 (1.24) mode 4,678.57,678.57,0.00
CHCl3 (1.24) mode 5,789.88,789.96,-0.08
CHCl3 (1.24) mode 6,789.90,791.16,-1.27
CHCl3 (1.24) mode 7,1244.75,1244.09,0.66
CHCl3 (1.24) mode 8,1244.75,1244.53,0.22
CHCl3 (1.24) mode 9,3181.88,3181.88,0.00
CHF3 (1.25) mode 1,514.80,514.83,-0.03
CHF3 (1.25) mode 2,514.80,514.84,-0.03
CHF3 (1.25) mode 3,710.23,710.28,-0.05
CHF3 (1.25) mode 4,1161.90,1161.97,-0.07
CHF3 (1.25) mode 5,1203.17,1203.23,-0.06
CHF3 (1.25) mode 6,1203.17,1203.24,-0.08
CHF3 (1.25) mode 7,1424.32,1424.23,0.09
CHF3 (1.25) mode 8,1424.32,1424.27,0.06
CHF3 (1.25) mode 9,3160.87,3160.83,0.04
H3CONO (1.26) mode 1,79.74,218.89,-139.15
H3CONO (1.26) mode 2,220.92,351.09,-130.17
H3CONO (1.26) mode 3,380.32,411.44,-31.12
H3CONO (1.26) mode 4,595.01,860.46,-265.45
H3CONO (1.26) mode 5,847.80,925.28,-77.48
H3CONO (1.26) mode 6,1086.78,956.30,130.48
H3CONO (1.26) mode 7,1176.79,1209.46,-32.68
H3CONO (1.26) mode 8,1209.14,1514.30,-305.17
H3CONO (1.26) mode 9,1462.98,1627.22,-164.24
H3CONO (1.26) mode 10,1494.35,1711.53,-217.19
H3CONO (1.26) mode 11,1518.63,2008.56,-489.93
H3CONO (1.26) mode 12,1710.30,2352.87,-642.57
H3CONO (1.26) mode 13,3048.98,2374.78,674.20
H3CONO (1.26) mode 14,3137.26,2581.12,556.14
H3CONO (1.26) mode 15,3138.47,3136.44,2.03
H3CNO2 (1.27) mode 1,23.39,163.93,-140.53
H3CNO2 (1.27) mode 2,476.95,613.67,-136.72
H3CNO2 (1.27) mode 3,608.74,897.96,-289.23
H3CNO2 (1.27) mode 4,670.00,924.59,-254.59
H3CNO2 (1.27) mode 5,935.44,1378.21,-442.77
H3CNO2 (1.27) mode 6,1110.76,1479.08,-368.32
H3CNO2 (1.27) mode 7,1142.47,1483.28,-340.81
H3CNO2 (1.27) mode 8,1409.56,1734.47,-324.91
H3CNO2 (1.27) mode 9,1425.54,1777.61,-352.07
H3CNO2 (1.27) mode 10,1475.67,1803.60,-327.93
H3CNO2 (1.27) mode 11,1487.85,2073.33,-585.47
H3CNO2 (1.27) mode 12,1642.57,2253.91,-611.33
H3CNO2 (1.27) mode 13,3088.79,2412.60,676.19
H3CNO2 (1.27) mode 14,3186.72,2472.02,714.70
H3CNO2 (1.27) mode 15,3215.04,2553.17,661.86
H3CNH2 (1.28) mode 1,306.35,306.52,-0.17
H3CNH2 (1.28) mode 2,878.35,879.32,-0.97
H3CNH2 (1.28) mode 3,976.31,976.33,-0.02
H3CNH2 (1.28) mode 4,1065.57,1065.15,0.42
H3CNH2 (1.28) mode 5,1188.02,1188.08,-0.06
H3CNH2 (1.28) mode 6,1359.39,1359.46,-0.06
H3CNH2 (1.28) mode 7,1458.06,1458.26,-0.19
H3CNH2 (1.28) mode 8,1508.16,1507.84,0.33
H3CNH2 (1.28) mode 9,1527.65,1527.60,0.05
H3CNH2 (1.28) mode 10,1667.46,1667.43,0.03
H3CNH2 (1.28) mode 11,2996.98,2997.11,-0.14
H3CNH2 (1.28) mode 12,3079.94,3079.76,0.18
H3CNH2 (1.28) mode 13,3115.37,3115.35,0.01
H3CNH2 (1.28) mode 14,3498.27,3498.26,0.02
H3CNH2 (1.28) mode 15,3579.13,3579.12,0.01
H2CCH2 (1.29) mode 1,823.04,941.84,-118.80
H2CCH2 (1.29) mode 2,941.84,966.67,-24.83
H2CCH2 (1.29) mode 3,966.67,979.66,-13.00
H2CCH2 (1.29) mode 4,1046.96,1046.96,0.00
H2CCH2 (1.29) mode 5,1242.16,1242.17,-0.01
H2CCH2 (1.29) mode 6,1368.98,1479.06,-110.08
H2CCH2 (1.29) mode 7,1479.06,1792.03,-312.97
H2CCH2 (1.29) mode 8,1671.73,2296.77,-625.04
H2CCH2 (1.29) mode 9,3139.11,2479.82,659.29
H2CCH2 (1.29) mode 10,3157.09,3139.11,17.98
H2CCH2 (1.29) mode 11,3219.26,3202.35,16.90
H2CCH2 (1.29) mode 12,3246.14,3219.25,26.88
F2C=CF2 (1.30) mode 1,201.37,201.37,0.00
F2C=CF2 (1.30) mode 2,210.88,265.52,-54.64
F2C=CF2 (1.30) mode 3,401.04,418.44,-17.40
F2C=CF2 (1.30) mode 4,418.44,511.80,-93.36
F2C=CF2 (1.30) mode 5,511.82,556.54,-44.72
F2C=CF2 (1.30) mode 6,556.41,594.96,-38.55
F2C=CF2 (1.30) mode 7,559.79,706.90,-147.10
F2C=CF2 (1.30) mode 8,797.32,744.12,53.20
F2C=CF2 (1.30) mode 9,1208.55,1128.83,79.72
F2C=CF2 (1.30) mode 10,1376.54,1367.05,9.49
F2C=CF2 (1.30) mode 11,1385.81,1385.77,0.04
F2C=CF2 (1.30) mode 12,1921.15,1892.01,29.14
Cl2C=CCl2 (1.31) mode 1,99.15,99.15,-0.00
Cl2C=CCl2 (1.31) mode 2,176.42,176.43,-0.01
Cl2C=CCl2 (1.31) mode 3,236.38,236.38,-0.00
Cl2C=CCl2 (1.31) mode 4,288.16,288.16,-0.00
Cl2C=CCl2 (1.31) mode 5,312.17,312.19,-0.01
Cl2C=CCl2 (1.31) mode 6,348.10,369.30,-21.21
Cl2C=CCl2 (1.31) mode 7,452.08,452.15,-0.07
Cl2C=CCl2 (1.31) mode 8,517.55,517.55,-0.00
Cl2C=CCl2 (1.31) mode 9,785.28,785.27,0.00
Cl2C=CCl2 (1.31) mode 10,928.96,928.96,0.00
Cl2C=CCl2 (1.31) mode 11,1009.16,1001.59,7.57
Cl2C=CCl2 (1.31) mode 12,1614.67,1614.65,0.02
HCOHCO (1.33) mode 1,136.26,162.80,-26.53
HCOHCO (1.33) mode 2,330.98,443.61,-112.63
HCOHCO (1.33) mode 3,560.06,804.54,-244.48
HCOHCO (1.33) mode 4,823.86,819.04,4.83
HCOHCO (1.33) mode 5,1068.80,1068.80,0.00
HCOHCO (1.33) mode 6,1095.40,1233.73,-138.34
HCOHCO (1.33) mode 7,1342.00,1517.92,-175.91
HCOHCO (1.33) mode 8,1384.84,1542.27,-157.43
HCOHCO (1.33) mode 9,1757.89,1636.75,121.14
HCOHCO (1.33) mode 10,1779.77,2226.64,-446.87
HCOHCO (1.33) mode 11,2982.13,2467.85,514.28
HCOHCO (1.33) mode 12,2987.10,2939.29,47.80
H2CCHF (1.35) mode 1,481.38,598.79,-117.41
H2CCHF (1.35) mode 2,725.01,806.02,-81.01
H2CCHF (1.35) mode 3,871.03,870.71,0.32
H2CCHF (1.35) mode 4,945.55,889.26,56.28
H2CCHF (1.35) mode 5,956.17,1118.39,-162.22
H2CCHF (1.35) mode 6,1186.16,1325.04,-138.88
H2CCHF (1.35) mode 7,1335.38,1515.52,-180.14
H2CCHF (1.35) mode 8,1424.87,1672.53,-247.66
H2CCHF (1.35) mode 9,1703.22,2603.00,-899.78
H2CCHF (1.35) mode 10,3178.28,2715.77,462.51
H2CCHF (1.35) mode 11,3216.73,2809.69,407.04
H2CCHF (1.35) mode 12,3280.45,3154.80,125.65
H2CCHCl (1.36) mode 1,393.16,442.58,-49.41
H2CCHCl (1.36) mode 2,624.92,625.13,-0.21
H2CCHCl (1.36) mode 3,728.91,793.33,-64.43
H2CCHCl (1.36) mode 4,906.85,906.73,0.12
H2CCHCl (1.36) mode 5,967.57,967.54,0.03
H2CCHCl (1.36) mode 6,1043.79,1290.77,-246.97
H2CCHCl (1.36) mode 7,1303.91,1526.77,-222.86
H2CCHCl (1.36) mode 8,1409.03,1559.47,-150.44
H2CCHCl (1.36) mode 9,1648.92,1695.19,-46.27
H2CCHCl (1.36) mode 10,3163.14,2938.65,224.49
H2CCHCl (1.36) mode 11,3219.69,3183.76,35.93
H2CCHCl (1.36) mode 12,3261.58,3207.75,53.83
H3CCClO (1.37) mode 1,143.29,511.36,-368.06
H3CCClO (1.37) mode 2,343.07,511.41,-168.34
H3CCClO (1.37) mode 3,448.70,660.50,-211.80
H3CCClO (1.37) mode 4,518.05,774.41,-256.35
H3CCClO (1.37) mode 5,613.58,1095.48,-481.90
H3CCClO (1.37) mode 6,969.93,1133.19,-163.25
H3CCClO (1.37) mode 7,1047.49,1227.09,-179.59
H3CCClO (1.37) mode 8,1127.04,1337.33,-210.29
H3CCClO (1.37) mode 9,1394.09,1440.79,-46.70
H3CCClO (1.37) mode 10,1472.26,1513.11,-40.85
H3CCClO (1.37) mode 11,1478.20,1566.08,-87.88
H3CCClO (1.37) mode 12,1859.03,2086.21,-227.18
H3CCClO (1.37) mode 13,3062.21,2707.56,354.66
H3CCClO (1.37) mode 14,3142.85,2833.52,309.33
H3CCClO (1.37) mode 15,3169.14,3078.33,90.81
H3CCFO (1.38) mode 1,135.39,156.25,-20.87
H3CCFO (1.38) mode 2,412.95,631.04,-218.09
H3CCFO (1.38) mode 3,572.45,739.17,-166.72
H3CCFO (1.38) mode 4,605.07,1045.95,-440.88
H3CCFO (1.38) mode 5,854.81,1205.08,-350.27
H3CCFO (1.38) mode 6,1017.14,1220.84,-203.70
H3CCFO (1.38) mode 7,1073.06,1244.46,-171.39
H3CCFO (1.38) mode 8,1229.96,1290.61,-60.65
H3CCFO (1.38) mode 9,1409.07,1510.36,-101.29
H3CCFO (1.38) mode 10,1478.05,1545.76,-67.71
H3CCFO (1.38) mode 11,1486.58,1758.09,-271.50
H3CCFO (1.38) mode 12,1905.64,1990.80,-85.17
H3CCFO (1.38) mode 13,3067.89,2741.84,326.05
H3CCFO (1.38) mode 14,3141.37,2790.39,350.98
H3CCFO (1.38) mode 15,3183.94,3080.98,102.96
CH3COOH (1.39) mode 1,78.18,418.81,-340.64
CH3COOH (1.39) mode 2,418.78,449.79,-31.01
CH3COOH (1.39) mode 3,545.73,584.15,-38.43
CH3COOH (1.39) mode 4,584.13,870.05,-285.92
CH3COOH (1.39) mode 5,664.47,996.82,-332.35
CH3COOH (1.39) mode 6,869.68,1005.39,-135.71
CH3COOH (1.39) mode 7,1005.01,1040.33,-35.32
CH3COOH (1.39) mode 8,1071.35,1058.06,13.29
CH3COOH (1.39) mode 9,1220.34,1220.28,0.06
CH3COOH (1.39) mode 10,1355.18,1355.36,-0.18
CH3COOH (1.39) mode 11,1422.27,1422.20,0.07
CH3COOH (1.39) mode 12,1481.23,1481.01,0.22
CH3COOH (1.39) mode 13,1487.62,1836.95,-349.32
CH3COOH (1.39) mode 14,1837.11,2281.45,-444.34
CH3COOH (1.39) mode 15,3064.96,2312.30,752.66
CH3COOH (1.39) mode 16,3137.39,3064.92,72.47
CH3COOH (1.39) mode 17,3180.57,3180.56,0.01
CH3COOH (1.39) mode 18,3776.29,3776.29,0.01
CH3OCHO (1.40) mode 1,144.91,145.12,-0.21
CH3OCHO (1.40) mode 2,310.98,339.99,-29.00
CH3OCHO (1.40) mode 3,339.98,435.32,-95.35
CH3OCHO (1.40) mode 4,776.79,1041.98,-265.20
CH3OCHO (1.40) mode 5,957.60,1049.48,-91.89
CH3OCHO (1.40) mode 6,1049.47,1168.12,-118.66
CH3OCHO (1.40) mode 7,1185.12,1185.10,0.02
CH3OCHO (1.40) mode 8,1195.91,1315.41,-119.51
CH3OCHO (1.40) mode 9,1243.84,1412.56,-168.72
CH3OCHO (1.40) mode 10,1404.55,1475.24,-70.68
CH3OCHO (1.40) mode 11,1472.50,1495.31,-22.81
CH3OCHO (1.40) mode 12,1495.32,1612.53,-117.21
CH3OCHO (1.40) mode 13,1509.79,1946.77,-436.98
CH3OCHO (1.40) mode 14,1799.60,2116.55,-316.95
CH3OCHO (1.40) mode 15,3063.30,2216.15,847.15
CH3OCHO (1.40) mode 16,3078.26,3067.45,10.81
CH3OCHO (1.40) mode 17,3143.88,3077.95,65.93
CH3OCHO (1.40) mode 18,3176.95,3143.88,33.07
H3CCHO (1.41) mode 1,156.12,236.92,-80.80
H3CCHO (1.41) mode 2,503.56,764.27,-260.72
H3CCHO (1.41) mode 3,777.41,963.47,-186.06
H3CCHO (1.41) mode 4,895.54,1366.67,-471.13
H3CCHO (1.41) mode 5,1132.41,1375.35,-242.94
H3CCHO (1.41) mode 6,1134.44,1684.94,-550.49
H3CCHO (1.41) mode 7,1383.16,1704.18,-321.02
H3CCHO (1.41) mode 8,1431.32,1817.47,-386.15
H3CCHO (1.41) mode 9,1469.93,1995.87,-525.94
H3CCHO (1.41) mode 10,1481.19,2081.18,-599.99
H3CCHO (1.41) mode 11,1793.14,2243.55,-450.41
H3CCHO (1.41) mode 12,2918.88,2258.21,660.66
H3CCHO (1.41) mode 13,3037.72,2424.85,612.86
H3CCHO (1.41) mode 14,3105.97,2647.92,458.05
H3CCHO (1.41) mode 15,3156.22,2725.47,430.75
H3CCH2Cl (1.42) mode 1,261.87,379.23,-117.36
H3CCH2Cl (1.42) mode 2,331.54,722.55,-391.01
H3CCH2Cl (1.42) mode 3,688.50,1059.14,-370.64
H3CCH2Cl (1.42) mode 4,787.64,1364.64,-577.00
H3CCH2Cl (1.42) mode 5,993.23,1445.78,-452.55
H3CCH2Cl (1.42) mode 6,1080.78,1457.90,-377.12
H3CCH2Cl (1.42) mode 7,1094.08,1484.43,-390.35
H3CCH2Cl (1.42) mode 8,1280.40,1489.97,-209.57
H3CCH2Cl (1.42) mode 9,1321.69,1769.14,-447.45
H3CCH2Cl (1.42) mode 10,1414.25,1914.11,-499.86
H3CCH2Cl (1.42) mode 11,1492.91,2119.44,-626.53
H3CCH2Cl (1.42) mode 12,1498.26,2156.14,-657.88
H3CCH2Cl (1.42) mode 13,1507.54,2207.09,-699.55
H3CCH2Cl (1.42) mode 14,3042.95,2301.12,741.83
H3CCH2Cl (1.42) mode 15,3091.31,2314.20,777.11
H3CCH2Cl (1.42) mode 16,3119.73,2410.81,708.92
H3CCH2Cl (1.42) mode 17,3127.71,2728.64,399.07
H3CCH2Cl (1.42) mode 18,3154.38,2834.63,319.75
H3CCH3 (1.43) mode 1,310.01,310.01,-0.00
H3CCH3 (1.43) mode 2,820.85,820.93,-0.08
H3CCH3 (1.43) mode 3,820.86,820.93,-0.08
H3CCH3 (1.43) mode 4,1013.93,1014.18,-0.26
H3CCH3 (1.43) mode 5,1224.80,1224.85,-0.06
H3CCH3 (1.43) mode 6,1224.80,1369.94,-145.15
H3CCH3 (1.43) mode 7,1406.53,1406.53,0.00
H3CCH3 (1.43) mode 8,1427.46,1427.36,0.11
H3CCH3 (1.43) mode 9,1510.82,1510.74,0.08
H3CCH3 (1.43) mode 10,1510.83,1512.49,-1.66
H3CCH3 (1.43) mode 11,1512.52,1512.55,-0.03
H3CCH3 (1.43) mode 12,1512.52,1690.13,-177.61
H3CCH3 (1.43) mode 13,3038.00,2939.41,98.59
H3CCH3 (1.43) mode 14,3039.53,3038.01,1.52
H3CCH3 (1.43) mode 15,3096.88,3039.49,57.39
H3CCH3 (1.43) mode 16,3096.88,3096.84,0.04
H3CCH3 (1.43) mode 17,3120.06,3120.06,0.01
H3CCH3 (1.43) mode 18,3120.06,3120.10,-0.04
H3COCH3 (1.44) mode 1,203.09,400.92,-197.83
H3COCH3 (1.44) mode 2,255.06,617.58,-362.52
H3COCH3 (1.44) mode 3,418.84,705.55,-286.72
H3COCH3 (1.44) mode 4,964.06,854.04,110.02
H3COCH3 (1.44) mode 5,1128.79,1169.84,-41.05
H3COCH3 (1.44) mode 6,1169.37,1255.08,-85.71
H3COCH3 (1.44) mode 7,1202.41,1448.67,-246.26
H3COCH3 (1.44) mode 8,1212.11,1467.93,-255.82
H3COCH3 (1.44) mode 9,1277.41,1691.98,-414.57
H3COCH3 (1.44) mode 10,1460.11,1703.45,-243.34
H3COCH3 (1.44) mode 11,1490.45,1753.07,-262.61
H3COCH3 (1.44) mode 12,1494.98,1876.04,-381.06
H3COCH3 (1.44) mode 13,1500.07,2053.36,-553.29
H3COCH3 (1.44) mode 14,1508.70,2073.03,-564.34
H3COCH3 (1.44) mode 15,1526.82,2272.80,-745.98
H3COCH3 (1.44) mode 16,2978.19,2421.54,556.66
H3COCH3 (1.44) mode 17,2987.43,2497.19,490.25
H3COCH3 (1.44) mode 18,3030.84,2602.72,428.12
H3COCH3 (1.44) mode 19,3036.25,2665.54,370.72
H3COCH3 (1.44) mode 20,3129.14,2792.22,336.93
H3COCH3 (1.44) mode 21,3130.94,2976.51,154.43
EtOH (1.45) mode 1,235.41,709.50,-474.09
EtOH (1.45) mode 2,280.63,751.61,-470.97
EtOH (1.45) mode 3,413.74,851.00,-437.26
EtOH (1.45) mode 4,818.70,1007.54,-188.85
EtOH (1.45) mode 5,909.14,1038.85,-129.71
EtOH (1.45) mode 6,1050.78,1131.34,-80.56
EtOH (1.45) mode 7,1121.48,1161.15,-39.68
EtOH (1.45) mode 8,1187.04,1166.33,20.71
EtOH (1.45) mode 9,1285.13,1421.62,-136.49
EtOH (1.45) mode 10,1306.08,1495.63,-189.55
EtOH (1.45) mode 11,1403.22,1496.97,-93.75
EtOH (1.45) mode 12,1468.04,1510.37,-42.33
EtOH (1.45) mode 13,1489.67,1532.67,-43.00
EtOH (1.45) mode 14,1508.41,1814.92,-306.51
EtOH (1.45) mode 15,1538.40,2196.20,-657.79
EtOH (1.45) mode 16,3000.32,2471.25,529.07
EtOH (1.45) mode 17,3032.33,2761.62,270.71
EtOH (1.45) mode 18,3045.11,2960.52,84.59
EtOH (1.45) mode 19,3123.33,3078.04,45.29
EtOH (1.45) mode 20,3128.35,3098.83,29.52
EtOH (1.45) mode 21,3857.30,3620.63,236.67
SiCl4 (1.49) mode 1,146.56,146.84,-0.28
SiCl4 (1.49) mode 2,146.57,147.20,-0.63
SiCl4 (1.49) mode 3,221.54,221.42,0.12
SiCl4 (1.49) mode 4,221.56,221.50,0.05
SiCl4 (1.49) mode 5,221.78,221.75,0.02
SiCl4 (1.49) mode 6,424.70,424.70,0.00
SiCl4 (1.49) mode 7,627.16,627.10,0.07
SiCl4 (1.49) mode 8,627.19,627.15,0.04
SiCl4 (1.49) mode 9,627.23,627.19,0.04
SiF4 (1.50) mode 1,263.22,263.36,-0.15
SiF4 (1.50) mode 2,263.27,263.51,-0.24
SiF4 (1.50) mode 3,387.72,387.71,0.01
SiF4 (1.50) mode 4,387.76,387.75,0.01
SiF4 (1.50) mode 5,387.78,387.78,0.00
SiF4 (1.50) mode 6,798.06,798.06,-0.00
SiF4 (1.50) mode 7,1038.05,1038.02,0.03
SiF4 (1.50) mode 8,1038.06,1038.02,0.04
SiF4 (1.50) mode 9,1038.07,1038.04,0.02
SiH3SiH3 (1.51) mode 1,137.39,137.39,-0.00
SiH3SiH3 (1.51) mode 2,371.94,437.98,-66.04
SiH3SiH3 (1.51) mode 3,371.95,636.94,-265.00
SiH3SiH3 (1.51) mode 4,437.94,711.21,-273.27
SiH3SiH3 (1.51) mode 5,636.90,713.05,-76.15
SiH3SiH3 (1.51) mode 6,636.90,713.07,-76.17
SiH3SiH3 (1.51) mode 7,860.79,779.89,80.90
SiH3SiH3 (1.51) mode 8,935.18,779.99,155.19
SiH3SiH3 (1.51) mode 9,952.27,860.79,91.47
SiH3SiH3 (1.51) mode 10,952.28,935.19,17.09
SiH3SiH3 (1.51) mode 11,966.37,952.25,14.12
SiH3SiH3 (1.51) mode 12,966.39,1128.13,-161.74
SiH3SiH3 (1.51) mode 13,2221.82,2122.58,99.24
SiH3SiH3 (1.51) mode 14,2229.68,2221.89,7.79
SiH3SiH3 (1.51) mode 15,2229.68,2227.86,1.82
SiH3SiH3 (1.51) mode 16,2230.82,2228.14,2.68
SiH3SiH3 (1.51) mode 17,2238.14,2229.59,8.55
SiH3SiH3 (1.51) mode 18,2238.14,2231.20,6.94
SiH3CH3 (1.52) mode 1,204.58,204.58,-0.00
SiH3CH3 (1.52) mode 2,517.82,705.71,-187.90
SiH3CH3 (1.52) mode 3,517.82,957.95,-440.13
SiH3CH3 (1.52) mode 4,705.49,1139.76,-434.27
SiH3CH3 (1.52) mode 5,887.60,1140.11,-252.51
SiH3CH3 (1.52) mode 6,887.60,1294.02,-406.42
SiH3CH3 (1.52) mode 7,957.95,1310.51,-352.57
SiH3CH3 (1.52) mode 8,973.68,1315.34,-341.67
SiH3CH3 (1.52) mode 9,973.70,1490.15,-516.45
SiH3CH3 (1.52) mode 10,1294.07,1490.56,-196.49
SiH3CH3 (1.52) mode 11,1469.42,1626.14,-156.73
SiH3CH3 (1.52) mode 12,1469.44,1626.16,-156.72
SiH3CH3 (1.52) mode 13,2233.65,2052.27,181.38
SiH3CH3 (1.52) mode 14,2233.66,2056.00,177.65
SiH3CH3 (1.52) mode 15,2235.39,2235.39,0.00
SiH3CH3 (1.52) mode 16,3038.03,2606.34,431.68
SiH3CH3 (1.52) mode 17,3122.33,2606.41,515.92
SiH3CH3 (1.52) mode 18,3122.34,3038.00,84.34
PH3 (1.53) mode 1,1021.69,1021.69,-0.00
PH3 (1.53) mode 2,1145.24,1145.25,-0.01
PH3 (1.53) mode 3,1145.25,1145.26,-0.00
PH3 (1.53) mode 4,2415.52,2415.41,0.11
PH3 (1.53) mode 5,2422.82,2422.82,0.00
PH3 (1.53) mode 6,2422.82,2422.93,-0.11
PF3 (1.54) mode 1,359.12,359.13,-0.01
PF3 (1.54) mode 2,359.14,359.14,0.01
PF3 (1.54) mode 3,501.47,501.49,-0.03
PF3 (1.54) mode 4,897.80,897.80,0.00
PF3 (1.54) mode 5,897.81,897.80,0.00
PF3 (1.54) mode 6,915.76,915.75,0.01
HOCl (1.55) mode 1,732.53,732.54,-0.01
HOCl (1.55) mode 2,1281.33,1281.39,-0.06
HOCl (1.55) mode 3,3809.62,3809.59,0.02
ONCl (1.56) mode 1,342.84,342.90,-0.07
ONCl (1.56) mode 2,609.86,609.85,0.01
ONCl (1.56) mode 3,1828.88,1828.87,0.01
O3 (1.57) mode 1,715.68,924.67,-208.99
O3 (1.57) mode 2,1054.32,998.24,56.09
O3 (1.57) mode 3,1153.11,1049.75,103.36
OF2 (1.58) mode 1,469.29,469.46,-0.17
OF2 (1.58) mode 2,867.42,867.42,0.00
OF2 (1.58) mode 3,950.11,950.02,0.08
H2O (1.59) mode 1,1668.87,1879.44,-210.57
H2O (1.59) mode 2,3840.92,3742.40,98.53
H2O (1.59) mode 3,3945.53,3945.53,0.00
NF3 (1.60) mode 1,502.48,502.50,-0.02
NF3 (1.60) mode 2,502.48,502.53,-0.05
NF3 (1.60) mode 3,659.91,660.00,-0.09
NF3 (1.60) mode 4,949.20,949.17,0.02
NF3 (1.60) mode 5,949.20,949.18,0.01
NF3 (1.60) mode 6,1058.35,1058.29,0.06
ClF3 (1.61) mode 1,336.96,336.96,0.00
ClF3 (1.61) mode 2,338.43,338.46,-0.03
ClF3 (1.61) mode 3,441.96,441.96,-0.00
ClF3 (1.61) mode 4,543.99,543.98,0.01
ClF3 (1.61) mode 5,735.59,735.59,0.00
ClF3 (1.61) mode 6,765.58,765.57,0.01
HOOH (1.62) mode 1,372.17,760.46,-388.30
HOOH (1.62) mode 2,911.79,878.40,33.39
HOOH (1.62) mode 3,1323.64,1392.08,-68.45
HOOH (1.62) mode 4,1435.98,1393.49,42.49
HOOH (1.62) mode 5,3807.91,3775.01,32.90
HOOH (1.62) mode 6,3809.29,3783.44,25.84
F2CO (1.63) mode 1,588.74,588.74,-0.01
F2CO (1.63) mode 2,626.11,626.11,-0.00
F2CO (1.63) mode 3,786.02,786.02,0.00
F2CO (1.63) mode 4,983.53,983.54,-0.02
F2CO (1.63) mode 5,1293.99,1293.99,0.00
F2CO (1.63) mode 6,1978.03,1978.02,0.01
SiH2 (1.65) mode 1,1025.33,1025.39,-0.06
SiH2 (1.65) mode 2,2060.52,2060.52,-0.00
SiH2 (1.65) mode 3,2063.17,2063.13,0.03
H2NNH2 (1.67) mode 1,25.68,29.30,-3.62
H2NNH2 (1.67) mode 2,943.78,943.87,-0.08
H2NNH2 (1.67) mode 3,1068.37,1068.45,-0.08
H2NNH2 (1.67) mode 4,1108.51,1108.45,0.06
H2NNH2 (1.67) mode 5,1256.79,1256.88,-0.09
H2NNH2 (1.67) mode 6,1487.98,1488.03,-0.04
H2NNH2 (1.67) mode 7,1638.68,1638.63,0.04
H2NNH2 (1.67) mode 8,1690.46,1690.41,0.05
H2NNH2 (1.67) mode 9,3437.77,3437.66,0.11
H2NNH2 (1.67) mode 10,3455.35,3455.39,-0.04
H2NNH2 (1.67) mode 11,3512.91,3512.94,-0.03
H2NNH2 (1.67) mode 12,3533.97,3533.96,0.01
NHCH2CH2 (1.69) mode 1,782.13,1077.75,-295.62
NHCH2CH2 (1.69) mode 2,840.79,1121.39,-280.60
NHCH2CH2 (1.69) mode 3,874.83,1180.64,-305.81
NHCH2CH2 (1.69) mode 4,923.43,1187.19,-263.76
NHCH2CH2 (1.69) mode 5,1022.46,1258.04,-235.58
NHCH2CH2 (1.69) mode 6,1113.59,1377.58,-263.99
NHCH2CH2 (1.69) mode 7,1120.20,1385.04,-264.85
NHCH2CH2 (1.69) mode 8,1162.60,1396.27,-233.66
NHCH2CH2 (1.69) mode 9,1245.94,1425.51,-179.57
NHCH2CH2 (1.69) mode 10,1272.26,1432.43,-160.16
NHCH2CH2 (1.69) mode 11,1307.58,1487.24,-179.66
NHCH2CH2 (1.69) mode 12,1501.76,1711.95,-210.18
NHCH2CH2 (1.69) mode 13,1532.65,2130.51,-597.86
NHCH2CH2 (1.69) mode 14,3130.26,2682.62,447.64
NHCH2CH2 (1.69) mode 15,3137.27,2890.24,247.03
NHCH2CH2 (1.69) mode 16,3214.74,3010.33,204.41
NHCH2CH2 (1.69) mode 17,3228.03,3012.79,215.24
NHCH2CH2 (1.69) mode 18,3515.02,3168.54,346.48
H3CCONH2 (1.70) mode 1,56.11,56.81,-0.71
H3CCONH2 (1.70) mode 2,300.00,302.16,-2.16
H3CCONH2 (1.70) mode 3,416.24,416.00,0.24
H3CCONH2 (1.70) mode 4,508.36,508.06,0.30
H3CCONH2 (1.70) mode 5,553.53,553.54,-0.01
H3CCONH2 (1.70) mode 6,638.47,638.03,0.43
H3CCONH2 (1.70) mode 7,854.16,854.46,-0.31
H3CCONH2 (1.70) mode 8,981.94,982.13,-0.19
H3CCONH2 (1.70) mode 9,1057.36,1057.41,-0.05
H3CCONH2 (1.70) mode 10,1134.12,1134.09,0.03
H3CCONH2 (1.70) mode 11,1344.17,1344.73,-0.55
H3CCONH2 (1.70) mode 12,1409.87,1409.72,0.15
H3CCONH2 (1.70) mode 13,1480.84,1480.50,0.34
H3CCONH2 (1.70) mode 14,1495.75,1495.64,0.11
H3CCONH2 (1.70) mode 15,1628.26,1628.26,0.01
H3CCONH2 (1.70) mode 16,1794.30,1794.15,0.15
H3CCONH2 (1.70) mode 17,3050.62,3050.62,0.01
H3CCONH2 (1.70) mode 18,3122.95,3122.93,0.02
H3CCONH2 (1.70) mode 19,3165.52,3165.49,0.02
H3CCONH2 (1.70) mode 20,3604.29,3604.30,-0.01
H3CCONH2 (1.70) mode 21,3738.95,3738.92,0.03
NHMe2 (1.71) mode 1,223.19,223.38,-0.18
NHMe2 (1.71) mode 2,268.98,269.15,-0.17
NHMe2 (1.71) mode 3,385.55,385.64,-0.09
NHMe2 (1.71) mode 4,812.70,813.52,-0.82
NHMe2 (1.71) mode 5,953.41,952.95,0.46
NHMe2 (1.71) mode 6,1028.85,1029.33,-0.48
NHMe2 (1.71) mode 7,1100.92,1101.44,-0.51
NHMe2 (1.71) mode 8,1177.66,1177.49,0.17
NHMe2 (1.71) mode 9,1198.28,1198.32,-0.04
NHMe2 (1.71) mode 10,1273.32,1273.32,0.01
NHMe2 (1.71) mode 11,1438.95,1439.10,-0.16
NHMe2 (1.71) mode 12,1467.77,1467.84,-0.07
NHMe2 (1.71) mode 13,1478.41,1478.53,-0.12
NHMe2 (1.71) mode 14,1492.67,1492.35,0.32
NHMe2 (1.71) mode 15,1504.35,1504.23,0.12
NHMe2 (1.71) mode 16,1522.52,1522.15,0.37
NHMe2 (1.71) mode 17,1524.85,1524.81,0.03
NHMe2 (1.71) mode 18,2958.30,2958.32,-0.02
NHMe2 (1.71) mode 19,2959.91,2960.03,-0.11
NHMe2 (1.71) mode 20,3065.27,3065.14,0.13
NHMe2 (1.71) mode 21,3066.32,3066.20,0.12
NHMe2 (1.71) mode 22,3112.90,3112.89,0.01
NHMe2 (1.71) mode 23,3113.81,3113.83,-0.02
NHMe2 (1.71) mode 24,3524.72,3524.71,0.02
NH2Et (1.72) mode 1,254.09,254.17,-0.08
NH2Et (1.72) mode 2,288.51,288.51,-0.00
NH2Et (1.72) mode 3,396.61,396.73,-0.13
NH2Et (1.72) mode 4,777.12,777.15,-0.04
NH2Et (1.72) mode 5,877.07,877.34,-0.27
NH2Et (1.72) mode 6,914.85,915.23,-0.38
NH2Et (1.72) mode 7,1008.36,1008.46,-0.10
NH2Et (1.72) mode 8,1081.55,1082.00,-0.45
NH2Et (1.72) mode 9,1160.25,1159.99,0.25
NH2Et (1.72) mode 10,1276.10,1276.11,-0.02
NH2Et (1.72) mode 11,1380.25,1380.54,-0.28
NH2Et (1.72) mode 12,1396.10,1396.10,-0.00
NH2Et (1.72) mode 13,1408.58,1407.97,0.61
NH2Et (1.72) mode 14,1493.31,1493.22,0.09
NH2Et (1.72) mode 15,1499.43,1499.45,-0.02
NH2Et (1.72) mode 16,1511.30,1511.27,0.02
NH2Et (1.72) mode 17,1663.18,1663.13,0.05
NH2Et (1.72) mode 18,3022.37,3022.36,0.01
NH2Et (1.72) mode 19,3043.45,3043.44,0.01
NH2Et (1.72) mode 20,3074.11,3074.09,0.02
NH2Et (1.72) mode 21,3100.09,3100.02,0.07
NH2Et (1.72) mode 22,3103.24,3103.30,-0.06
NH2Et (1.72) mode 23,3477.75,3477.73,0.02
NH2Et (1.72) mode 24,3559.16,3559.15,0.01
CH3COCH3 (1.73) mode 1,20.78,43.07,-22.29
CH3COCH3 (1.73) mode 2,141.09,376.79,-235.70
CH3COCH3 (1.73) mode 3,371.56,534.02,-162.47
CH3COCH3 (1.73) mode 4,480.47,844.94,-364.47
CH3COCH3 (1.73) mode 5,527.58,871.44,-343.86
CH3COCH3 (1.73) mode 6,794.73,914.73,-120.00
CH3COCH3 (1.73) mode 7,887.40,1042.42,-155.02
CH3COCH3 (1.73) mode 8,894.52,1265.91,-371.39
CH3COCH3 (1.73) mode 9,1081.17,1471.59,-390.42
CH3COCH3 (1.73) mode 10,1116.27,1481.45,-365.18
CH3COCH3 (1.73) mode 11,1246.46,1636.14,-389.68
CH3COCH3 (1.73) mode 12,1386.96,1638.17,-251.21
CH3COCH3 (1.73) mode 13,1395.11,1822.15,-427.04
CH3COCH3 (1.73) mode 14,1468.80,1864.08,-395.28
CH3COCH3 (1.73) mode 15,1474.27,1921.22,-446.95
CH3COCH3 (1.73) mode 16,1476.54,1959.80,-483.26
CH3COCH3 (1.73) mode 17,1495.93,1994.04,-498.12
CH3COCH3 (1.73) mode 18,1786.22,2239.26,-453.04
CH3COCH3 (1.73) mode 19,3037.08,2392.09,644.98
CH3COCH3 (1.73) mode 20,3042.41,2499.34,543.07
CH3COCH3 (1.73) mode 21,3104.03,2542.28,561.75
CH3COCH3 (1.73) mode 22,3110.28,2581.96,528.32
CH3COCH3 (1.73) mode 23,3157.81,2648.73,509.07
CH3COCH3 (1.73) mode 24,3159.26,3134.60,24.66
CH3CH2CH2Cl (1.74) mode 1,117.40,117.50,-0.10
CH3CH2CH2Cl (1.74) mode 2,231.61,231.58,0.04
CH3CH2CH2Cl (1.74) mode 3,233.16,233.37,-0.21
CH3CH2CH2Cl (1.74) mode 4,363.85,363.92,-0.07
CH3CH2CH2Cl (1.74) mode 5,750.95,750.94,0.01
CH3CH2CH2Cl (1.74) mode 6,757.78,758.13,-0.35
CH3CH2CH2Cl (1.74) mode 7,870.11,870.13,-0.03
CH3CH2CH2Cl (1.74) mode 8,915.17,915.49,-0.32
CH3CH2CH2Cl (1.74) mode 9,1055.55,1056.38,-0.83
CH3CH2CH2Cl (1.74) mode 10,1097.32,1097.61,-0.29
CH3CH2CH2Cl (1.74) mode 11,1125.98,1125.69,0.28
CH3CH2CH2Cl (1.74) mode 12,1251.33,1251.14,0.18
CH3CH2CH2Cl (1.74) mode 13,1284.71,1284.80,-0.10
CH3CH2CH2Cl (1.74) mode 14,1322.93,1322.89,0.03
CH3CH2CH2Cl (1.74) mode 15,1375.19,1375.30,-0.11
CH3CH2CH2Cl (1.74) mode 16,1414.57,1414.01,0.56
CH3CH2CH2Cl (1.74) mode 17,1493.06,1493.00,0.05
CH3CH2CH2Cl (1.74) mode 18,1499.57,1499.64,-0.07
CH3CH2CH2Cl (1.74) mode 19,1506.44,1506.43,0.01
CH3CH2CH2Cl (1.74) mode 20,1514.46,1514.16,0.30
CH3CH2CH2Cl (1.74) mode 21,3033.76,3033.82,-0.06
CH3CH2CH2Cl (1.74) mode 22,3054.12,3054.01,0.11
CH3CH2CH2Cl (1.74) mode 23,3079.76,3079.73,0.03
CH3CH2CH2Cl (1.74) mode 24,3086.79,3086.84,-0.06
CH3CH2CH2Cl (1.74) mode 25,3108.28,3108.25,0.03
CH3CH2CH2Cl (1.74) mode 26,3116.65,3116.66,-0.01
CH3CH2CH2Cl (1.74) mode 27,3139.46,3139.44,0.02
CH3CH2OCH3 (1.75) mode 1,112.85,113.27,-0.41
CH3CH2OCH3 (1.75) mode 2,209.79,210.10,-0.31
CH3CH2OCH3 (1.75) mode 3,259.12,258.86,0.26
CH3CH2OCH3 (1.75) mode 4,288.79,288.90,-0.12
CH3CH2OCH3 (1.75) mode 5,468.22,468.26,-0.05
CH3CH2OCH3 (1.75) mode 6,820.71,820.76,-0.04
CH3CH2OCH3 (1.75) mode 7,874.88,875.26,-0.38
CH3CH2OCH3 (1.75) mode 8,1048.43,1048.57,-0.13
CH3CH2OCH3 (1.75) mode 9,1119.09,1119.29,-0.20
CH3CH2OCH3 (1.75) mode 10,1171.74,1172.09,-0.35
CH3CH2OCH3 (1.75) mode 11,1174.17,1175.41,-1.24
CH3CH2OCH3 (1.75) mode 12,1204.65,1204.53,0.12
CH3CH2OCH3 (1.75) mode 13,1244.72,1244.04,0.68
CH3CH2OCH3 (1.75) mode 14,1301.19,1300.98,0.21
CH3CH2OCH3 (1.75) mode 15,1396.67,1396.78,-0.11
CH3CH2OCH3 (1.75) mode 16,1431.74,1431.39,0.35
CH3CH2OCH3 (1.75) mode 17,1480.96,1481.04,-0.09
CH3CH2OCH3 (1.75) mode 18,1490.30,1490.28,0.02
CH3CH2OCH3 (1.75) mode 19,1495.37,1495.29,0.08
CH3CH2OCH3 (1.75) mode 20,1506.90,1506.93,-0.03
CH3CH2OCH3 (1.75) mode 21,1515.65,1515.30,0.34
CH3CH2OCH3 (1.75) mode 22,1538.29,1538.17,0.12
CH3CH2OCH3 (1.75) mode 23,2971.39,2971.37,0.02
CH3CH2OCH3 (1.75) mode 24,2985.25,2985.19,0.06
CH3CH2OCH3 (1.75) mode 25,3002.00,3002.01,-0.01
CH3CH2OCH3 (1.75) mode 26,3034.72,3034.70,0.02
CH3CH2OCH3 (1.75) mode 27,3045.76,3045.74,0.02
CH3CH2OCH3 (1.75) mode 28,3123.74,3123.71,0.03
CH3CH2OCH3 (1.75) mode 29,3128.05,3127.53,0.52
CH3CH2OCH3 (1.75) mode 30,3128.68,3129.23,-0.55
CH3CHOHCH3 (1.76) mode 1,224.49,225.68,-1.19
CH3CHOHCH3 (1.76) mode 2,270.92,271.13,-0.21
CH3CHOHCH3 (1.76) mode 3,272.99,272.47,0.52
CH3CHOHCH3 (1.76) mode 4,357.74,357.75,-0.02
CH3CHOHCH3 (1.76) mode 5,425.28,425.23,0.05
CH3CHOHCH3 (1.76) mode 6,464.61,464.72,-0.11
CH3CHOHCH3 (1.76) mode 7,825.99,826.10,-0.11
CH3CHOHCH3 (1.76) mode 8,922.41,925.22,-2.82
CH3CHOHCH3 (1.76) mode 9,939.40,937.25,2.15
CH3CHOHCH3 (1.76) mode 10,983.15,984.27,-1.11
CH3CHOHCH3 (1.76) mode 11,1092.18,1092.44,-0.26
CH3CHOHCH3 (1.76) mode 12,1159.77,1159.86,-0.09
CH3CHOHCH3 (1.76) mode 13,1196.43,1195.75,0.68
CH3CHOHCH3 (1.76) mode 14,1315.35,1315.21,0.14
CH3CHOHCH3 (1.76) mode 15,1367.15,1367.46,-0.31
CH3CHOHCH3 (1.76) mode 16,1403.43,1403.04,0.39
CH3CHOHCH3 (1.76) mode 17,1410.33,1410.53,-0.19
CH3CHOHCH3 (1.76) mode 18,1427.15,1426.99,0.16
CH3CHOHCH3 (1.76) mode 19,1487.92,1487.85,0.07
CH3CHOHCH3 (1.76) mode 20,1491.04,1490.75,0.29
CH3CHOHCH3 (1.76) mode 21,1503.80,1504.00,-0.19
CH3CHOHCH3 (1.76) mode 22,1511.47,1511.03,0.43
CH3CHOHCH3 (1.76) mode 23,3024.63,3024.58,0.05
CH3CHOHCH3 (1.76) mode 24,3028.61,3028.63,-0.02
CH3CHOHCH3 (1.76) mode 25,3060.75,3060.69,0.06
CH3CHOHCH3 (1.76) mode 26,3092.77,3092.78,-0.01
CH3CHOHCH3 (1.76) mode 27,3103.92,3103.89,0.03
CH3CHOHCH3 (1.76) mode 28,3121.53,3121.54,-0.01
CH3CHOHCH3 (1.76) mode 29,3124.15,3124.17,-0.02
CH3CHOHCH3 (1.76) mode 30,3819.49,3819.48,0.01
CH3CH2CH3 (1.77) mode 1,215.56,271.22,-55.66
CH3CH2CH3 (1.77) mode 2,273.41,621.64,-348.23
CH3CH2CH3 (1.77) mode 3,362.53,1134.77,-772.24
CH3CH2CH3 (1.77) mode 4,748.63,1135.20,-386.57
CH3CH2CH3 (1.77) mode 5,885.78,1227.63,-341.85
CH3CH2CH3 (1.77) mode 6,906.61,1268.37,-361.76
CH3CH2CH3 (1.77) mode 7,928.98,1282.41,-353.43
CH3CH2CH3 (1.77) mode 8,1074.04,1670.30,-596.26
CH3CH2CH3 (1.77) mode 9,1181.29,1720.34,-539.05
CH3CH2CH3 (1.77) mode 10,1217.54,1763.46,-545.92
CH3CH2CH3 (1.77) mode 11,1319.32,1840.86,-521.55
CH3CH2CH3 (1.77) mode 12,1367.14,1854.33,-487.19
CH3CH2CH3 (1.77) mode 13,1407.52,1861.20,-453.68
CH3CH2CH3 (1.77) mode 14,1420.81,1895.19,-474.38
CH3CH2CH3 (1.77) mode 15,1496.33,1977.37,-481.05
CH3CH2CH3 (1.77) mode 16,1496.59,2042.03,-545.44
CH3CH2CH3 (1.77) mode 17,1503.87,2042.64,-538.77
CH3CH2CH3 (1.77) mode 18,1513.81,2098.82,-585.01
CH3CH2CH3 (1.77) mode 19,1518.58,2107.32,-588.74
CH3CH2CH3 (1.77) mode 20,3026.70,2141.46,885.24
CH3CH2CH3 (1.77) mode 21,3028.77,2181.58,847.18
CH3CH2CH3 (1.77) mode 22,3033.74,2248.90,784.84
CH3CH2CH3 (1.77) mode 23,3061.46,2317.39,744.07
CH3CH2CH3 (1.77) mode 24,3093.71,2468.82,624.88
CH3CH2CH3 (1.77) mode 25,3104.68,2537.90,566.78
CH3CH2CH3 (1.77) mode 26,3105.03,2899.24,205.79
CH3CH2CH3 (1.77) mode 27,3107.75,3054.43,53.32
N_CH3x3 (1.79) mode 1,240.77,375.71,-134.94
N_CH3x3 (1.79) mode 2,279.99,421.72,-141.73
N_CH3x3 (1.79) mode 3,280.00,636.69,-356.70
N_CH3x3 (1.79) mode 4,373.11,667.56,-294.45
N_CH3x3 (1.79) mode 5,417.26,697.83,-280.56
N_CH3x3 (1.79) mode 6,417.26,866.82,-449.56
N_CH3x3 (1.79) mode 7,847.53,1089.89,-242.36
N_CH3x3 (1.79) mode 8,1063.58,1212.88,-149.30
N_CH3x3 (1.79) mode 9,1065.00,1227.47,-162.47
N_CH3x3 (1.79) mode 10,1065.00,1234.32,-169.32
N_CH3x3 (1.79) mode 11,1120.56,1507.47,-386.92
N_CH3x3 (1.79) mode 12,1120.56,1560.16,-439.60
N_CH3x3 (1.79) mode 13,1215.49,1637.40,-421.91
N_CH3x3 (1.79) mode 14,1309.86,1687.78,-377.92
N_CH3x3 (1.79) mode 15,1309.86,1703.15,-393.28
N_CH3x3 (1.79) mode 16,1436.74,1776.28,-339.54
N_CH3x3 (1.79) mode 17,1436.74,1796.35,-359.61
N_CH3x3 (1.79) mode 18,1478.58,1809.62,-331.04
N_CH3x3 (1.79) mode 19,1488.68,1812.46,-323.78
N_CH3x3 (1.79) mode 20,1488.69,1865.33,-376.64
N_CH3x3 (1.79) mode 21,1496.49,1872.95,-376.46
N_CH3x3 (1.79) mode 22,1508.19,2003.99,-495.80
N_CH3x3 (1.79) mode 23,1517.12,2095.01,-577.89
N_CH3x3 (1.79) mode 24,1517.13,2179.77,-662.64
N_CH3x3 (1.79) mode 25,2925.30,2227.82,697.48
N_CH3x3 (1.79) mode 26,2925.30,2286.39,638.92
N_CH3x3 (1.79) mode 27,2934.80,2393.62,541.18
N_CH3x3 (1.79) mode 28,3068.49,2422.20,646.29
N_CH3x3 (1.79) mode 29,3068.49,2431.74,636.75
N_CH3x3 (1.79) mode 30,3071.93,2634.27,437.66
N_CH3x3 (1.79) mode 31,3112.25,2906.57,205.69
N_CH3x3 (1.79) mode 32,3116.44,2958.90,157.54
N_CH3x3 (1.79) mode 33,3116.44,3007.58,108.86
CH_CH3x3 (1.80) mode 1,200.11,200.35,-0.24
CH_CH3x3 (1.80) mode 2,258.95,260.40,-1.44
CH_CH3x3 (1.80) mode 3,258.97,260.48,-1.52
CH_CH3x3 (1.80) mode 4,359.15,358.37,0.78
CH_CH3x3 (1.80) mode 5,359.15,359.11,0.04
CH_CH3x3 (1.80) mode 6,423.35,423.47,-0.12
CH_CH3x3 (1.80) mode 7,808.93,808.98,-0.05
CH_CH3x3 (1.80) mode 8,921.64,922.36,-0.72
CH_CH3x3 (1.80) mode 9,921.64,922.93,-1.29
CH_CH3x3 (1.80) mode 10,952.74,952.94,-0.20
CH_CH3x3 (1.80) mode 11,984.82,984.69,0.13
CH_CH3x3 (1.80) mode 12,984.82,985.18,-0.36
CH_CH3x3 (1.80) mode 13,1199.43,1199.10,0.32
CH_CH3x3 (1.80) mode 14,1199.43,1199.55,-0.12
CH_CH3x3 (1.80) mode 15,1214.06,1214.15,-0.09
CH_CH3x3 (1.80) mode 16,1361.63,1363.67,-2.04
CH_CH3x3 (1.80) mode 17,1361.63,1367.01,-5.38
CH_CH3x3 (1.80) mode 18,1401.34,1397.00,4.34
CH_CH3x3 (1.80) mode 19,1401.34,1399.16,2.18
CH_CH3x3 (1.80) mode 20,1425.68,1425.64,0.03
CH_CH3x3 (1.80) mode 21,1487.52,1487.54,-0.02
CH_CH3x3 (1.80) mode 22,1493.96,1493.39,0.57
CH_CH3x3 (1.80) mode 23,1493.96,1494.63,-0.67
CH_CH3x3 (1.80) mode 24,1511.91,1510.38,1.54
CH_CH3x3 (1.80) mode 25,1511.92,1511.34,0.58
CH_CH3x3 (1.80) mode 26,1519.45,1519.45,-0.00
CH_CH3x3 (1.80) mode 27,3019.98,3019.63,0.34
CH_CH3x3 (1.80) mode 28,3019.98,3019.86,0.12
CH_CH3x3 (1.80) mode 29,3020.64,3021.03,-0.39
CH_CH3x3 (1.80) mode 30,3024.99,3024.99,0.01
CH_CH3x3 (1.80) mode 31,3092.85,3092.75,0.09
CH_CH3x3 (1.80) mode 32,3092.85,3093.03,-0.19
CH_CH3x3 (1.80) mode 33,3092.89,3093.33,-0.44
CH_CH3x3 (1.80) mode 34,3096.86,3096.01,0.85
CH_CH3x3 (1.80) mode 35,3096.86,3096.40,0.46
CH_CH3x3 (1.80) mode 36,3102.02,3102.72,-0.71
CH3CH2CH2CH3 (1.81) mode 1,115.69,268.19,-152.51
CH3CH2CH2CH3 (1.81) mode 2,221.77,290.13,-68.36
CH3CH2CH2CH3 (1.81) mode 3,253.43,347.81,-94.38
CH3CH2CH2CH3 (1.81) mode 4,257.32,422.83,-165.50
CH3CH2CH2CH3 (1.81) mode 5,422.71,848.97,-426.26
CH3CH2CH2CH3 (1.81) mode 6,733.72,1083.63,-349.91
CH3CH2CH2CH3 (1.81) mode 7,807.44,1092.87,-285.43
CH3CH2CH2CH3 (1.81) mode 8,848.71,1175.15,-326.43
CH3CH2CH2CH3 (1.81) mode 9,957.85,1399.51,-441.66
CH3CH2CH2CH3 (1.81) mode 10,977.87,1410.86,-432.99
CH3CH2CH2CH3 (1.81) mode 11,1032.28,1412.60,-380.32
CH3CH2CH2CH3 (1.81) mode 12,1082.98,1436.52,-353.54
CH3CH2CH2CH3 (1.81) mode 13,1175.11,1443.41,-268.30
CH3CH2CH2CH3 (1.81) mode 14,1213.01,1490.66,-277.65
CH3CH2CH2CH3 (1.81) mode 15,1290.42,1511.09,-220.67
CH3CH2CH2CH3 (1.81) mode 16,1318.77,1519.42,-200.66
CH3CH2CH2CH3 (1.81) mode 17,1332.59,1592.11,-259.51
CH3CH2CH2CH3 (1.81) mode 18,1398.23,1724.31,-326.08
CH3CH2CH2CH3 (1.81) mode 19,1412.55,1726.15,-313.60
CH3CH2CH2CH3 (1.81) mode 20,1414.03,1747.33,-333.31
CH3CH2CH2CH3 (1.81) mode 21,1490.65,1782.43,-291.78
CH3CH2CH2CH3 (1.81) mode 22,1496.91,1850.53,-353.61
CH3CH2CH2CH3 (1.81) mode 23,1505.13,1895.04,-389.91
CH3CH2CH2CH3 (1.81) mode 24,1506.70,1899.35,-392.65
CH3CH2CH2CH3 (1.81) mode 25,1511.27,1926.78,-415.51
CH3CH2CH2CH3 (1.81) mode 26,1515.99,2015.91,-499.92
CH3CH2CH2CH3 (1.81) mode 27,3016.77,2152.30,864.48
CH3CH2CH2CH3 (1.81) mode 28,3023.91,2233.61,790.30
CH3CH2CH2CH3 (1.81) mode 29,3028.05,2257.60,770.45
CH3CH2CH2CH3 (1.81) mode 30,3028.91,2273.21,755.70
CH3CH2CH2CH3 (1.81) mode 31,3042.42,2554.51,487.92
CH3CH2CH2CH3 (1.81) mode 32,3064.03,3016.79,47.24
CH3CH2CH2CH3 (1.81) mode 33,3097.42,3027.98,69.44
CH3CH2CH2CH3 (1.81) mode 34,3101.23,3028.83,72.41
CH3CH2CH2CH3 (1.81) mode 35,3105.51,3040.81,64.70
CH3CH2CH2CH3 (1.81) mode 36,3106.19,3105.51,0.68
Furan (1.82) mode 1,603.17,770.97,-167.80
Furan (1.82) mode 2,612.43,913.66,-301.22
Furan (1.82) mode 3,731.42,974.35,-242.93
Furan (1.82) mode 4,759.65,1183.44,-423.79
Furan (1.82) mode 5,844.41,1226.97,-382.56
Furan (1.82) mode 6,860.43,1263.46,-403.03
Furan (1.82) mode 7,877.52,1366.75,-489.22
Furan (1.82) mode 8,882.50,1423.11,-540.61
Furan (1.82) mode 9,1012.31,1479.08,-466.77
Furan (1.82) mode 10,1061.14,1540.56,-479.42
Furan (1.82) mode 11,1090.49,1679.06,-588.57
Furan (1.82) mode 12,1160.71,1709.99,-549.29
Furan (1.82) mode 13,1217.77,1725.36,-507.59
Furan (1.82) mode 14,1289.60,1842.51,-552.91
Furan (1.82) mode 15,1416.47,1863.54,-447.07
Furan (1.82) mode 16,1524.35,1877.51,-353.16
Furan (1.82) mode 17,1591.82,1943.19,-351.38
Furan (1.82) mode 18,3257.60,1969.77,1287.83
Furan (1.82) mode 19,3268.39,2570.62,697.77
Furan (1.82) mode 20,3287.59,2575.51,712.08
Furan (1.82) mode 21,3295.05,2677.28,617.77
"1,3-Butadiene (1.83) mode 1",164.78,286.04,-121.25
"1,3-Butadiene (1.83) mode 2",271.87,467.16,-195.29
"1,3-Butadiene (1.83) mode 3",466.84,610.12,-143.28
"1,3-Butadiene (1.83) mode 4",610.05,633.90,-23.84
"1,3-Butadiene (1.83) mode 5",742.41,686.58,55.84
"1,3-Butadiene (1.83) mode 6",886.41,861.50,24.91
"1,3-Butadiene (1.83) mode 7",927.69,916.62,11.07
"1,3-Butadiene (1.83) mode 8",929.55,929.73,-0.18
"1,3-Butadiene (1.83) mode 9",998.56,940.44,58.11
"1,3-Butadiene (1.83) mode 10",1017.20,1016.95,0.25
"1,3-Butadiene (1.83) mode 11",1058.55,1044.39,14.16
"1,3-Butadiene (1.83) mode 12",1098.92,1098.93,-0.02
"1,3-Butadiene (1.83) mode 13",1301.44,1301.57,-0.13
"1,3-Butadiene (1.83) mode 14",1333.34,1318.46,14.88
"1,3-Butadiene (1.83) mode 15",1437.31,1437.42,-0.11
"1,3-Butadiene (1.83) mode 16",1468.45,1465.37,3.07
"1,3-Butadiene (1.83) mode 17",1666.75,1665.84,0.91
"1,3-Butadiene (1.83) mode 18",1674.83,1674.56,0.26
"1,3-Butadiene (1.83) mode 19",3143.07,3143.51,-0.45
"1,3-Butadiene (1.83) mode 20",3145.60,3144.61,0.99
"1,3-Butadiene (1.83) mode 21",3152.06,3151.96,0.09
"1,3-Butadiene (1.83) mode 22",3164.73,3161.53,3.20
"1,3-Butadiene (1.83) mode 23",3237.22,3235.67,1.55
"1,3-Butadiene (1.83) mode 24",3238.88,3237.25,1.63
Bicyclobutane (1.85) mode 1,413.18,413.99,-0.81
Bicyclobutane (1.85) mode 2,664.94,664.61,0.33
Bicyclobutane (1.85) mode 3,751.54,751.58,-0.05
Bicyclobutane (1.85) mode 4,865.50,865.83,-0.33
Bicyclobutane (1.85) mode 5,867.00,867.22,-0.22
Bicyclobutane (1.85) mode 6,925.74,925.55,0.19
Bicyclobutane (1.85) mode 7,948.54,948.58,-0.04
Bicyclobutane (1.85) mode 8,1003.90,1004.15,-0.25
Bicyclobutane (1.85) mode 9,1091.12,1091.09,0.03
Bicyclobutane (1.85) mode 10,1106.79,1106.92,-0.13
Bicyclobutane (1.85) mode 11,1109.26,1109.27,-0.01
Bicyclobutane (1.85) mode 12,1145.12,1145.16,-0.05
Bicyclobutane (1.85) mode 13,1172.20,1171.93,0.27
Bicyclobutane (1.85) mode 14,1185.40,1185.23,0.17
Bicyclobutane (1.85) mode 15,1290.37,1290.33,0.04
Bicyclobutane (1.85) mode 16,1320.75,1320.90,-0.14
Bicyclobutane (1.85) mode 17,1498.45,1498.29,0.16
Bicyclobutane (1.85) mode 18,1533.54,1533.52,0.02
Bicyclobutane (1.85) mode 19,3076.39,3076.37,0.02
Bicyclobutane (1.85) mode 20,3082.35,3082.35,-0.00
Bicyclobutane (1.85) mode 21,3182.39,3182.41,-0.02
Bicyclobutane (1.85) mode 22,3184.18,3184.15,0.03
Bicyclobutane (1.85) mode 23,3259.49,3259.48,0.01
Bicyclobutane (1.85) mode 24,3272.01,3271.98,0.03
Cyclobutene (1.86) mode 1,302.28,810.95,-508.66
Cyclobutene (1.86) mode 2,644.45,860.67,-216.22
Cyclobutene (1.86) mode 3,856.43,1005.20,-148.77
Cyclobutene (1.86) mode 4,864.96,1081.03,-216.07
Cyclobutene (1.86) mode 5,895.58,1091.34,-195.77
Cyclobutene (1.86) mode 6,901.87,1110.24,-208.37
Cyclobutene (1.86) mode 7,916.36,1202.87,-286.51
Cyclobutene (1.86) mode 8,1002.35,1241.00,-238.65
Cyclobutene (1.86) mode 9,1029.84,1371.82,-341.97
Cyclobutene (1.86) mode 10,1099.90,1395.34,-295.44
Cyclobutene (1.86) mode 11,1134.81,1434.07,-299.26
Cyclobutene (1.86) mode 12,1176.53,1437.04,-260.51
Cyclobutene (1.86) mode 13,1219.17,1463.19,-244.02
Cyclobutene (1.86) mode 14,1232.80,1520.93,-288.13
Cyclobutene (1.86) mode 15,1323.48,1692.55,-369.07
Cyclobutene (1.86) mode 16,1470.95,1732.32,-261.37
Cyclobutene (1.86) mode 17,1493.88,1921.19,-427.30
Cyclobutene (1.86) mode 18,1604.92,1995.73,-390.80
Cyclobutene (1.86) mode 19,3052.18,2204.32,847.86
Cyclobutene (1.86) mode 20,3058.21,2481.44,576.77
Cyclobutene (1.86) mode 21,3097.01,2686.61,410.40
Cyclobutene (1.86) mode 22,3111.42,2895.67,215.75
Cyclobutene (1.86) mode 23,3181.94,3028.75,153.19
Cyclobutene (1.86) mode 24,3213.66,3128.54,85.12
CH2CH2CCH2 (1.87) mode 1,277.65,372.86,-95.21
CH2CH2CCH2 (1.87) mode 2,349.27,615.81,-266.54
CH2CH2CCH2 (1.87) mode 3,615.74,721.56,-105.81
CH2CH2CCH2 (1.87) mode 4,737.67,808.00,-70.32
CH2CH2CCH2 (1.87) mode 5,753.14,954.07,-200.93
CH2CH2CCH2 (1.87) mode 6,907.70,1050.22,-142.52
CH2CH2CCH2 (1.87) mode 7,908.26,1058.15,-149.89
CH2CH2CCH2 (1.87) mode 8,953.99,1126.80,-172.80
CH2CH2CCH2 (1.87) mode 9,1041.01,1152.24,-111.24
CH2CH2CCH2 (1.87) mode 10,1055.32,1171.56,-116.24
CH2CH2CCH2 (1.87) mode 11,1072.85,1242.21,-169.36
CH2CH2CCH2 (1.87) mode 12,1097.51,1400.23,-302.72
CH2CH2CCH2 (1.87) mode 13,1147.39,1419.20,-271.82
CH2CH2CCH2 (1.87) mode 14,1171.65,1477.79,-306.14
CH2CH2CCH2 (1.87) mode 15,1450.53,1520.49,-69.97
CH2CH2CCH2 (1.87) mode 16,1455.65,1716.38,-260.74
CH2CH2CCH2 (1.87) mode 17,1493.03,1904.24,-411.21
CH2CH2CCH2 (1.87) mode 18,1819.35,1963.52,-144.17
CH2CH2CCH2 (1.87) mode 19,3126.92,2627.85,499.07
CH2CH2CCH2 (1.87) mode 20,3130.33,2919.04,211.30
CH2CH2CCH2 (1.87) mode 21,3139.91,2936.85,203.06
CH2CH2CCH2 (1.87) mode 22,3207.30,2948.97,258.33
CH2CH2CCH2 (1.87) mode 23,3219.40,3078.37,141.03
CH2CH2CCH2 (1.87) mode 24,3225.95,3207.30,18.65
Cyclobutane (1.88) mode 1,230.64,1083.65,-853.02
Cyclobutane (1.88) mode 2,620.26,1162.87,-542.61
Cyclobutane (1.88) mode 3,755.06,1162.90,-407.84
Cyclobutane (1.88) mode 4,755.06,1296.18,-541.12
Cyclobutane (1.88) mode 5,909.40,1304.14,-394.74
Cyclobutane (1.88) mode 6,916.90,1468.21,-551.31
Cyclobutane (1.88) mode 7,916.90,1583.16,-666.26
Cyclobutane (1.88) mode 8,942.94,1606.73,-663.79
Cyclobutane (1.88) mode 9,958.26,1633.01,-674.76
Cyclobutane (1.88) mode 10,1025.35,1650.18,-624.84
Cyclobutane (1.88) mode 11,1167.70,1701.48,-533.79
Cyclobutane (1.88) mode 12,1180.55,1729.48,-548.93
Cyclobutane (1.88) mode 13,1253.51,1751.99,-498.48
Cyclobutane (1.88) mode 14,1253.51,1759.06,-505.55
Cyclobutane (1.88) mode 15,1254.84,1785.76,-530.91
Cyclobutane (1.88) mode 16,1259.25,1821.93,-562.68
Cyclobutane (1.88) mode 17,1288.37,1848.65,-560.28
Cyclobutane (1.88) mode 18,1288.37,1856.92,-568.55
Cyclobutane (1.88) mode 19,1486.52,1888.85,-402.33
Cyclobutane (1.88) mode 20,1486.52,1971.08,-484.56
Cyclobutane (1.88) mode 21,1493.48,1995.01,-501.54
Cyclobutane (1.88) mode 22,1526.19,1999.34,-473.15
Cyclobutane (1.88) mode 23,3058.08,2107.05,951.03
Cyclobutane (1.88) mode 24,3058.79,2164.19,894.60
Cyclobutane (1.88) mode 25,3058.79,2243.30,815.49
Cyclobutane (1.88) mode 26,3063.38,2279.33,784.04
Cyclobutane (1.88) mode 27,3104.84,2364.43,740.42
Cyclobutane (1.88) mode 28,3115.63,2376.61,739.02
Cyclobutane (1.88) mode 29,3115.63,2489.02,626.61
Cyclobutane (1.88) mode 30,3131.28,2660.95,470.33
CH2C_CH3x2 (1.89) mode 1,161.02,562.34,-401.31
CH2C_CH3x2 (1.89) mode 2,206.05,930.02,-723.97
CH2C_CH3x2 (1.89) mode 3,368.49,970.55,-602.06
CH2C_CH3x2 (1.89) mode 4,424.36,1056.97,-632.61
CH2C_CH3x2 (1.89) mode 5,426.37,1074.03,-647.66
CH2C_CH3x2 (1.89) mode 6,702.97,1123.57,-420.60
CH2C_CH3x2 (1.89) mode 7,818.69,1343.73,-525.04
CH2C_CH3x2 (1.89) mode 8,905.25,1411.43,-506.19
CH2C_CH3x2 (1.89) mode 9,963.57,1552.25,-588.68
CH2C_CH3x2 (1.89) mode 10,988.25,1575.31,-587.06
CH2C_CH3x2 (1.89) mode 11,1019.76,1602.96,-583.20
CH2C_CH3x2 (1.89) mode 12,1081.39,1625.85,-544.46
CH2C_CH3x2 (1.89) mode 13,1103.26,1679.29,-576.03
CH2C_CH3x2 (1.89) mode 14,1305.99,1843.37,-537.38
CH2C_CH3x2 (1.89) mode 15,1410.43,1854.26,-443.83
CH2C_CH3x2 (1.89) mode 16,1414.34,1881.66,-467.32
CH2C_CH3x2 (1.89) mode 17,1447.53,1904.21,-456.68
CH2C_CH3x2 (1.89) mode 18,1478.41,1919.75,-441.34
CH2C_CH3x2 (1.89) mode 19,1491.26,1956.31,-465.05
CH2C_CH3x2 (1.89) mode 20,1495.10,1974.07,-478.97
CH2C_CH3x2 (1.89) mode 21,1506.87,2040.81,-533.95
CH2C_CH3x2 (1.89) mode 22,1710.58,2087.67,-377.09
CH2C_CH3x2 (1.89) mode 23,3020.52,2180.02,840.50
CH2C_CH3x2 (1.89) mode 24,3024.21,2252.79,771.42
CH2C_CH3x2 (1.89) mode 25,3077.66,2274.54,803.11
CH2C_CH3x2 (1.89) mode 26,3079.75,2278.20,801.55
CH2C_CH3x2 (1.89) mode 27,3119.46,2539.67,579.79
CH2C_CH3x2 (1.89) mode 28,3121.46,2649.30,472.16
CH2C_CH3x2 (1.89) mode 29,3140.78,2684.54,456.24
CH2C_CH3x2 (1.89) mode 30,3226.12,2703.44,522.67
CHCHCHCHNH (1.90) mode 1,441.88,567.83,-125.95
CHCHCHCHNH (1.90) mode 2,615.62,615.75,-0.13
CHCHCHCHNH (1.90) mode 3,634.23,637.94,-3.71
CHCHCHCHNH (1.90) mode 4,689.51,689.64,-0.13
CHCHCHCHNH (1.90) mode 5,732.17,699.39,32.78
CHCHCHCHNH (1.90) mode 6,825.18,771.99,53.19
CHCHCHCHNH (1.90) mode 7,854.80,854.59,0.21
CHCHCHCHNH (1.90) mode 8,868.69,1070.80,-202.11
CHCHCHCHNH (1.90) mode 9,889.60,1200.00,-310.40
CHCHCHCHNH (1.90) mode 10,1032.96,1217.63,-184.67
CHCHCHCHNH (1.90) mode 11,1065.99,1243.73,-177.74
CHCHCHCHNH (1.90) mode 12,1094.84,1261.66,-166.82
CHCHCHCHNH (1.90) mode 13,1159.51,1282.77,-123.26
CHCHCHCHNH (1.90) mode 14,1167.23,1402.42,-235.19
CHCHCHCHNH (1.90) mode 15,1310.43,1805.55,-495.12
CHCHCHCHNH (1.90) mode 16,1423.16,2049.94,-626.78
CHCHCHCHNH (1.90) mode 17,1465.60,2136.91,-671.31
CHCHCHCHNH (1.90) mode 18,1508.88,2190.07,-681.19
CHCHCHCHNH (1.90) mode 19,1572.76,2538.84,-966.09
CHCHCHCHNH (1.90) mode 20,3246.88,2556.03,690.85
CHCHCHCHNH (1.90) mode 21,3257.75,2638.56,619.19
CHCHCHCHNH (1.90) mode 22,3272.13,2732.18,539.94
CHCHCHCHNH (1.90) mode 23,3279.10,2906.42,372.67
CHCHCHCHNH (1.90) mode 24,3700.44,3332.44,368.00
CHCHCHCHCHN (1.91) mode 1,378.44,381.09,-2.65
CHCHCHCHCHN (1.91) mode 2,409.22,463.86,-54.64
CHCHCHCHCHN (1.91) mode 3,603.31,710.53,-107.22
CHCHCHCHCHN (1.91) mode 4,656.98,717.83,-60.85
CHCHCHCHCHN (1.91) mode 5,711.89,801.55,-89.66
CHCHCHCHCHN (1.91) mode 6,753.17,849.46,-96.29
CHCHCHCHCHN (1.91) mode 7,890.79,893.09,-2.29
CHCHCHCHCHN (1.91) mode 8,953.64,928.09,25.55
CHCHCHCHCHN (1.91) mode 9,995.11,946.11,49.00
CHCHCHCHCHN (1.91) mode 10,996.87,959.37,37.50
CHCHCHCHCHN (1.91) mode 11,1001.24,1110.57,-109.33
CHCHCHCHCHN (1.91) mode 12,1043.14,1152.20,-109.06
CHCHCHCHCHN (1.91) mode 13,1071.35,1199.99,-128.64
CHCHCHCHCHN (1.91) mode 14,1087.86,1217.64,-129.78
CHCHCHCHCHN (1.91) mode 15,1158.82,1318.54,-159.72
CHCHCHCHCHN (1.91) mode 16,1236.72,1343.01,-106.29
CHCHCHCHCHN (1.91) mode 17,1266.95,1357.17,-90.22
CHCHCHCHCHN (1.91) mode 18,1379.21,1614.11,-234.90
CHCHCHCHCHN (1.91) mode 19,1464.66,1673.86,-209.20
CHCHCHCHCHN (1.91) mode 20,1510.12,1703.18,-193.07
CHCHCHCHCHN (1.91) mode 21,1618.43,1778.05,-159.62
CHCHCHCHCHN (1.91) mode 22,1630.29,2249.66,-619.36
CHCHCHCHCHN (1.91) mode 23,3168.42,2253.53,914.90
CHCHCHCHCHN (1.91) mode 24,3169.83,3024.77,145.06
CHCHCHCHCHN (1.91) mode 25,3187.57,3092.58,94.99
CHCHCHCHCHN (1.91) mode 26,3204.49,3099.67,104.82
CHCHCHCHCHN (1.91) mode 27,3212.85,3192.72,20.14
SO2 (1.92) mode 1,519.25,519.25,-0.00
SO2 (1.92) mode 2,1169.10,1169.10,0.00
SO2 (1.92) mode 3,1388.91,1388.91,0.00
H2S (1.93) mode 1,1209.65,1209.65,-0.00
H2S (1.93) mode 2,2722.07,2722.07,0.00
H2S (1.93) mode 3,2736.76,2736.76,0.00
H2CSCH2 (1.96) mode 1,640.95,641.02,-0.07
H2CSCH2 (1.96) mode 2,679.82,679.85,-0.03
H2CSCH2 (1.96) mode 3,833.27,833.80,-0.53
H2CSCH2 (1.96) mode 4,904.36,904.68,-0.31
H2CSCH2 (1.96) mode 5,962.71,962.27,0.44
H2CSCH2 (1.96) mode 6,1048.53,1048.59,-0.06
H2CSCH2 (1.96) mode 7,1073.84,1073.88,-0.04
H2CSCH2 (1.96) mode 8,1139.93,1140.02,-0.09
H2CSCH2 (1.96) mode 9,1198.60,1198.39,0.21
H2CSCH2 (1.96) mode 10,1477.31,1477.31,0.01
H2CSCH2 (1.96) mode 11,1502.57,1502.52,0.05
H2CSCH2 (1.96) mode 12,3139.04,3139.03,0.01
H2CSCH2 (1.96) mode 13,3142.69,3142.65,0.03
H2CSCH2 (1.96) mode 14,3224.34,3224.33,0.01
H2CSCH2 (1.96) mode 15,3238.02,3238.01,0.01
H3CSCH3 (1.97) mode 1,174.71,174.85,-0.14
H3CSCH3 (1.97) mode 2,186.14,186.21,-0.07
H3CSCH3 (1.97) mode 3,262.33,262.36,-0.03
H3CSCH3 (1.97) mode 4,708.45,708.57,-0.12
H3CSCH3 (1.97) mode 5,762.13,762.29,-0.16
H3CSCH3 (1.97) mode 6,911.61,911.80,-0.19
H3CSCH3 (1.97) mode 7,953.94,954.02,-0.08
H3CSCH3 (1.97) mode 8,990.25,990.32,-0.07
H3CSCH3 (1.97) mode 9,1050.49,1050.63,-0.14
H3CSCH3 (1.97) mode 10,1343.74,1343.76,-0.02
H3CSCH3 (1.97) mode 11,1368.13,1368.15,-0.02
H3CSCH3 (1.97) mode 12,1469.61,1469.59,0.02
H3CSCH3 (1.97) mode 13,1478.62,1478.60,0.02
H3CSCH3 (1.97) mode 14,1486.48,1486.37,0.11
H3CSCH3 (1.97) mode 15,1494.03,1493.95,0.07
H3CSCH3 (1.97) mode 16,3034.90,3034.87,0.03
H3CSCH3 (1.97) mode 17,3038.72,3038.69,0.03
H3CSCH3 (1.97) mode 18,3113.45,3113.43,0.02
H3CSCH3 (1.97) mode 19,3120.93,3120.91,0.02
H3CSCH3 (1.97) mode 20,3138.71,3138.69,0.02
H3CSCH3 (1.97) mode 21,3139.38,3139.36,0.02
EtSH (1.98) mode 1,177.40,915.25,-737.86
EtSH (1.98) mode 2,252.94,979.21,-726.27
EtSH (1.98) mode 3,301.94,1196.68,-894.74
EtSH (1.98) mode 4,687.08,1247.86,-560.78
EtSH (1.98) mode 5,789.89,1384.64,-594.75
EtSH (1.98) mode 6,863.95,1567.02,-703.07
EtSH (1.98) mode 7,1001.77,1599.34,-597.56
EtSH (1.98) mode 8,1046.64,1693.69,-647.04
EtSH (1.98) mode 9,1116.09,1744.15,-628.06
EtSH (1.98) mode 10,1271.87,1794.81,-522.94
EtSH (1.98) mode 11,1302.20,1852.41,-550.22
EtSH (1.98) mode 12,1413.61,1919.13,-505.52
EtSH (1.98) mode 13,1496.40,2006.14,-509.74
EtSH (1.98) mode 14,1500.20,2018.71,-518.51
EtSH (1.98) mode 15,1510.01,2043.58,-533.56
EtSH (1.98) mode 16,2709.33,2071.07,638.27
EtSH (1.98) mode 17,3040.58,2213.86,826.72
EtSH (1.98) mode 18,3068.16,2216.85,851.31
EtSH (1.98) mode 19,3107.06,2278.33,828.74
EtSH (1.98) mode 20,3118.15,2526.17,591.99
EtSH (1.98) mode 21,3129.76,2590.39,539.37
DMSO (1.99) mode 1,179.27,179.38,-0.11
DMSO (1.99) mode 2,238.88,239.33,-0.45
DMSO (1.99) mode 3,290.44,290.46,-0.02
DMSO (1.99) mode 4,314.56,314.59,-0.03
DMSO (1.99) mode 5,368.56,368.38,0.19
DMSO (1.99) mode 6,669.27,669.38,-0.11
DMSO (1.99) mode 7,693.75,693.91,-0.16
DMSO (1.99) mode 8,886.07,886.52,-0.45
DMSO (1.99) mode 9,924.12,924.04,0.09
DMSO (1.99) mode 10,955.70,955.89,-0.19
DMSO (1.99) mode 11,1024.64,1024.84,-0.20
DMSO (1.99) mode 12,1134.06,1134.06,0.00
DMSO (1.99) mode 13,1315.06,1315.21,-0.15
DMSO (1.99) mode 14,1337.37,1337.54,-0.16
DMSO (1.99) mode 15,1446.99,1446.86,0.13
DMSO (1.99) mode 16,1460.90,1460.71,0.19
DMSO (1.99) mode 17,1463.94,1463.86,0.09
DMSO (1.99) mode 18,1482.86,1482.75,0.10
DMSO (1.99) mode 19,3039.48,3039.42,0.06
DMSO (1.99) mode 20,3041.26,3041.20,0.06
DMSO (1.99) mode 21,3141.10,3141.11,-0.01
DMSO (1.99) mode 22,3145.65,3145.65,0.01
DMSO (1.99) mode 23,3152.29,3152.24,0.05
DMSO (1.99) mode 24,3153.52,3153.50,0.02
CHCHCHCHS (1.100) mode 1,453.25,453.26,-0.01
CHCHCHCHS (1.100) mode 2,565.53,565.68,-0.16
CHCHCHCHS (1.100) mode 3,609.94,688.17,-78.23
CHCHCHCHS (1.100) mode 4,688.05,725.96,-37.90
CHCHCHCHS (1.100) mode 5,725.76,785.53,-59.77
CHCHCHCHS (1.100) mode 6,758.88,876.07,-117.20
CHCHCHCHS (1.100) mode 7,845.49,891.74,-46.25
CHCHCHCHS (1.100) mode 8,875.51,902.40,-26.89
CHCHCHCHS (1.100) mode 9,878.28,1021.15,-142.87
CHCHCHCHS (1.100) mode 10,902.59,1070.36,-167.77
CHCHCHCHS (1.100) mode 11,1051.60,1073.40,-21.80
CHCHCHCHS (1.100) mode 12,1098.26,1229.85,-131.59
CHCHCHCHS (1.100) mode 13,1100.85,1269.69,-168.83
CHCHCHCHS (1.100) mode 14,1278.90,1278.97,-0.08
CHCHCHCHS (1.100) mode 15,1396.08,1392.41,3.67
CHCHCHCHS (1.100) mode 16,1442.59,1426.84,15.75
CHCHCHCHS (1.100) mode 17,1545.40,2312.05,-766.66
CHCHCHCHS (1.100) mode 18,3213.82,2640.17,573.65
CHCHCHCHS (1.100) mode 19,3227.81,3101.43,126.38
CHCHCHCHS (1.100) mode 20,3256.05,3202.59,53.46
CHCHCHCHS (1.100) mode 21,3259.29,3209.90,49.39
CH3OH (1.101) mode 1,304.11,304.29,-0.19
CH3OH (1.101) mode 2,1065.02,1179.77,-114.75
CH3OH (1.101) mode 3,1095.54,1374.31,-278.77
CH3OH (1.101) mode 4,1179.62,1507.54,-327.92
CH3OH (1.101) mode 5,1393.88,1653.02,-259.13
CH3OH (1.101) mode 6,1487.64,1696.98,-209.34
CH3OH (1.101) mode 7,1507.67,2110.17,-602.50
CH3OH (1.101) mode 8,1523.24,2268.05,-744.81
CH3OH (1.101) mode 9,3009.29,2318.10,691.19
CH3OH (1.101) mode 10,3064.49,2984.60,79.89
CH3OH (1.101) mode 11,3128.10,3064.50,63.61
CH3OH (1.101) mode 12,3864.98,3348.19,516.79
Propene (1.102) mode 1,199.43,596.02,-396.58
Propene (1.102) mode 2,418.07,678.02,-259.94
Propene (1.102) mode 3,582.65,1001.76,-419.12
Propene (1.102) mode 4,925.24,1059.47,-134.23
Propene (1.102) mode 5,930.94,1152.46,-221.52
Propene (1.102) mode 6,942.38,1318.49,-376.11
Propene (1.102) mode 7,1014.26,1353.72,-339.46
Propene (1.102) mode 8,1067.99,1377.68,-309.68
Propene (1.102) mode 9,1191.64,1474.56,-282.92
Propene (1.102) mode 10,1320.29,1495.33,-175.04
Propene (1.102) mode 11,1408.10,1572.39,-164.29
Propene (1.102) mode 12,1455.83,1821.76,-365.93
Propene (1.102) mode 13,1488.14,1864.45,-376.30
Propene (1.102) mode 14,1501.66,2196.87,-695.22
Propene (1.102) mode 15,1696.39,2238.87,-542.48
Propene (1.102) mode 16,3029.48,2375.36,654.12
Propene (1.102) mode 17,3089.80,2548.21,541.59
Propene (1.102) mode 18,3113.17,2588.65,524.53
Propene (1.102) mode 19,3138.19,2893.57,244.61
Propene (1.102) mode 20,3151.66,2927.04,224.62
Propene (1.102) mode 21,3230.27,3089.90,140.37
H2COCH2 (1.103) mode 1,816.26,816.37,-0.10
H2COCH2 (1.103) mode 2,849.93,850.17,-0.24
H2COCH2 (1.103) mode 3,899.68,899.71,-0.03
H2COCH2 (1.103) mode 4,1052.00,1052.04,-0.04
H2COCH2 (1.103) mode 5,1156.67,1156.73,-0.06
H2COCH2 (1.103) mode 6,1157.92,1158.29,-0.37
H2COCH2 (1.103) mode 7,1175.07,1174.99,0.07
H2COCH2 (1.103) mode 8,1176.57,1176.57,0.01
H2COCH2 (1.103) mode 9,1300.14,1299.87,0.27
H2COCH2 (1.103) mode 10,1513.26,1513.14,0.12
H2COCH2 (1.103) mode 11,1549.96,1549.95,0.01
H2COCH2 (1.103) mode 12,3109.14,3109.10,0.03
H2COCH2 (1.103) mode 13,3117.42,3117.39,0.02
H2COCH2 (1.103) mode 14,3196.11,3196.11,0.00
H2COCH2 (1.103) mode 15,3210.77,3210.76,0.00
